title,url,description,source,tickers,tags,published_at,date,cleaned_text
"Magnificent 7 Earnings: What to Expect (AMZN, AAPL, META and MSFT)",https://www.zacks.com/commentary/2459147/magnificent-7-earnings-what-to-expect-amzn-aapl-meta-and-msft?cid=CS-ZC-FT-investment_ideas-2459147,"Pardon Our Interruption
As you were browsing something about your browser made us think you were a bot. There are a few reasons this might happen:
You've disabled JavaScript in your web browser.
You're a power user moving through this website with su",zacks.com,"['aapl', 'amzn', 'meta', 'meta', 'metv', 'msft']","['Consumer Cyclical', 'ETF', 'Investment Ideas', 'Stock', 'Technology']",2025-04-30 14:35:00+00:00,2025-04-30,magnificent 7 earnings expect amzn aapl meta msft pardon interruption browsing something browser made us think bot reasons might happen youve disabled javascript web browser youre power user moving website su
"SA analyst upgrades: TSLA, AAPL, NVDA, META, PLTR, ABBV, HUM, TGT",https://seekingalpha.com/news/4430194-sa-analyst-upgrades-tsla-aapl-nvda-meta-pltr-abbv-hum-tgt,"Seeking Alpha analysts issue upgrades for TSLA, AAPL, NVDA, META, PLTR, ABBV, HUM, COIN, TGT, ALB, CEG, ESTC and MDB. Read more here.",seekingalpha.com,[],[],2025-04-10 16:09:50+00:00,2025-04-10,sa analyst upgrades tsla aapl nvda meta pltr abbv hum tgt seeking alpha analysts issue upgrades tsla aapl nvda meta pltr abbv hum coin tgt alb ceg estc mdb read
"Earnings week ahead: MSFT, AAPL, META, AMZN, QCOM, PFE, MA, V, PYPL, ROKU, MCD, KO",https://seekingalpha.com/news/4435596-earnings-week-ahead-msft-aapl-meta-amzn-qcom-pfe-ma-v-pypl-roku-mcd-sbux-ko-and-more,"Get ready for a pivotal week in the market as major players across tech, healthcare, finance, and energy release earnings.",seekingalpha.com,[],[],2025-04-27 12:03:33+00:00,2025-04-27,earnings week ahead msft aapl meta amzn qcom pfe v pypl roku mcd ko get ready pivotal week market major players across tech healthcare finance energy release earnings
"SA Analyst Rating Downgrades: MSFT, TSLA, NVDA, ON, IIPR, PLAY, YETI",https://seekingalpha.com/news/4429498-sa-analyst-rating-downgrades-msft-tsla-nvda-on-iipr-play-yeti,"Seeking Alpha analysts have issued downgrades for Microsoft, Tesla, Nvidia, On Semiconductor, Innovative Industrial Properties, Dave and Buster's and Yeti. Read more here.",seekingalpha.com,"['msft', 'nvda']","['Stock', 'Technology']",2025-04-08 16:38:42+00:00,2025-04-08,sa analyst rating downgrades msft tsla nvda iipr play yeti seeking alpha analysts issued downgrades microsoft tesla nvidia semiconductor innovative industrial properties dave busters yeti read
"Appaloosa trims AMZN, MSFT, QCOM, and adds to NRG, GLW, and UNH, among other Q1 moves",https://seekingalpha.com/news/4449323-appaloosa-trims-amzn-msft-qcom-and-adds-to-nrg-glw-and-unh-among-other-q1-moves,"Discover Appaloosa Management's position moves in Q1, according to its 13F filings",seekingalpha.com,[],[],2025-05-15 23:50:02+00:00,2025-05-15,appaloosa trims amzn msft qcom adds nrg glw unh among q1 moves discover appaloosa managements position moves q1 according 13f filings
"Appaloosa drops AMZN, MSFT, QCOM, and adds to NRG, GLW, and UNH, among other Q1 moves",https://seekingalpha.com/news/4449323-appaloosa-drops-amzn-msft-qcom-and-adds-to-nrg-glw-and-unh-among-other-q1-moves,"Discover Appaloosa Management's position moves in Q1, according to its 13F filings",seekingalpha.com,[],[],2025-05-15 22:44:06+00:00,2025-05-15,appaloosa drops amzn msft qcom adds nrg glw unh among q1 moves discover appaloosa managements position moves q1 according 13f filings
"GOOGL, META, MSFT: 3 Promising AI Giants With Attractive Valuations",https://www.zacks.com/stock/news/2466864/googl-meta-msft-3-promising-ai-giants-with-attractive-valuations?cid=CS-ZC-FT-analyst_blog%7Cinvestment_ideas-2466864,"Pardon Our Interruption
As you were browsing something about your browser made us think you were a bot. There are a few reasons this might happen:
You've disabled JavaScript in your web browser.
You're a power user moving through this website with su",zacks.com,"['googl', 'meta', 'meta', 'metv', 'msft']","['Analyst Blog', 'ETF', 'Stock', 'Technology']",2025-05-12 13:08:00+00:00,2025-05-12,googl meta msft 3 promising ai giants attractive valuations pardon interruption browsing something browser made us think bot reasons might happen youve disabled javascript web browser youre power user moving website su
"AI Stocks Are Back (MSFT, NVDA, PLTR)",https://www.zacks.com/commentary/2466412/ai-stocks-are-back-msft-nvda-pltr?cid=CS-ZC-FT-investment_ideas-2466412,"Pardon Our Interruption
As you were browsing something about your browser made us think you were a bot. There are a few reasons this might happen:
You've disabled JavaScript in your web browser.
You're a power user moving through this website with su",zacks.com,"['msft', 'nvda', 'pltr']","['Investment Ideas', 'Stock', 'Technology', 'Unknown Sector']",2025-05-09 19:53:00+00:00,2025-05-09,ai stocks back msft nvda pltr pardon interruption browsing something browser made us think bot reasons might happen youve disabled javascript web browser youre power user moving website su
"Big Tech Discounts Investors Can Buy Now (GOOGL, AMZN, META)",https://www.zacks.com/commentary/2427504/big-tech-discounts-investors-can-buy-now-googl-amzn-meta?cid=CS-ZC-FT-investment_ideas-2427504,"Yes market corrections are scary, but they also create opportunity. Amazon, Alphabet and Meta Platforms are now trading at historical discounts",zacks.com,"['amzn', 'goog', 'googl', 'meta', 'meta', 'metv']","['Consumer Cyclical', 'ETF', 'Investment Ideas', 'Stock', 'Technology']",2025-03-07 19:33:00+00:00,2025-03-07,big tech discounts investors buy googl amzn meta yes market corrections scary also create opportunity amazon alphabet meta platforms trading historical discounts
"4 stocks to watch on Tuesday: GME, TSLA, SAVA and CCI",https://seekingalpha.com/news/4424735-4-stocks-to-watch-on-tuesday-gme-tsla-sava-and-cci,"GameStop (GME), Tesla (TSLA), Cassava Sciences (SAVA) and Crown Castle (CCI) were the stocks to watch on Tuesday. Read more here.",seekingalpha.com,['gme'],"['Consumer Cyclical', 'Stock']",2025-03-25 12:57:23+00:00,2025-03-25,4 stocks watch tuesday gme tsla sava cci gamestop gme tesla tsla cassava sciences sava crown castle cci stocks watch tuesday read
These 2 Tech Titans Generate Substantial Cash: MSFT & AAPL,https://www.zacks.com/commentary/2481078/these-2-tech-titans-generate-substantial-cash-msft-aapl?cid=CS-ZC-FT-investment_ideas-2481078,"Pardon Our Interruption
As you were browsing something about your browser made us think you were a bot. There are a few reasons this might happen:
You've disabled JavaScript in your web browser.
You're a power user moving through this website with su",zacks.com,"['aapl', 'msft']","['Investment Ideas', 'Stock', 'Technology']",2025-06-03 18:00:00+00:00,2025-06-03,2 tech titans generate substantial cash msft aapl pardon interruption browsing something browser made us think bot reasons might happen youve disabled javascript web browser youre power user moving website su
"SA analyst upgrades/downgrades: TSLA, MSFT, LULU, OPEN",https://seekingalpha.com/news/4457289-sa-analyst-upgradesdowngrades-tsla-msft-lulu-open,"Discover key Seeking Alpha analyst insights on Lululemon, Microsoft, Opendoor, and Tesla.",seekingalpha.com,"['lulu', 'msft']","['Consumer Cyclical', 'Stock', 'Technology']",2025-06-11 20:30:47+00:00,2025-06-11,sa analyst upgradesdowngrades tsla msft lulu open discover key seeking alpha analyst insights lululemon microsoft opendoor tesla
ETFs Poised to Win in the MSFT vs. NVDA Market Cap Battle,https://www.zacks.com/stock/news/2490867/etfs-poised-to-win-in-the-msft-vs-nvda-market-cap-battle?cid=CS-ZC-FT-etf_news_and_commentary-2490867,"Pardon Our Interruption
As you were browsing something about your browser made us think you were a bot. There are a few reasons this might happen:
You've disabled JavaScript in your web browser.
You're a power user moving through this website with su",zacks.com,"['ftec', 'iyw', 'msft', 'nvda', 'vgt', 'xlk']","['ETF', 'Etf News And Commentary', 'Stock', 'Technology']",2025-06-09 14:10:00+00:00,2025-06-09,etfs poised win msft vs nvda market cap battle pardon interruption browsing something browser made us think bot reasons might happen youve disabled javascript web browser youre power user moving website su
"AAPL, NVDA – The two biggest companies are the 2 biggest losers in the Dow",https://seekingalpha.com/news/4429439-aapl-nvda-the-two-biggest-companies-are-the-2-biggest-losers-in-the-dow,"Nine Dow stocks lost over 20% YTD, including Apple & Nvidia. Explore the 15 worst performers and insights into their declines.",seekingalpha.com,[],[],2025-04-08 13:30:29+00:00,2025-04-08,aapl nvda two biggest companies 2 biggest losers dow nine dow stocks lost 20 ytd including apple nvidia explore 15 worst performers insights declines
"SA analyst downgrades: AAPL, NVDA, MMM, CURLF, GTBIF, RJF",https://seekingalpha.com/news/4432888-sa-analyst-downgrades-aapl-nvda-mmm-curlf-gtbif-rjf,"Seeking Alpha analysts have issued stock rating downgrades for Apple, Nvidia, 3M, Curaleaf, Green Thumb and Raymond James. Read more here.",seekingalpha.com,['nvda'],"['Stock', 'Technology']",2025-04-21 18:14:13+00:00,2025-04-21,sa analyst downgrades aapl nvda mmm curlf gtbif rjf seeking alpha analysts issued stock rating downgrades apple nvidia 3m curaleaf green thumb raymond james read
"4 stocks to watch on Friday: AAPL, AMZN, BAH and CPRT (BAH:NYSE)",https://seekingalpha.com/news/4451996-4-stocks-to-watch-on-friday-aapl-amzn-bah-and-cprt,"Apple (AAPL), Amazon (AMZN), Booz Allen (BAH) and Copart (CPRT) are the stocks to watch on Friday. Read more here.",seekingalpha.com,['cprt'],"['Consumer Cyclical', 'Stock']",2025-05-23 13:22:02+00:00,2025-05-23,4 stocks watch friday aapl amzn bah cprt bahnyse apple aapl amazon amzn booz allen bah copart cprt stocks watch friday read
"Biggest stock movers Friday: AMZN, AAPl, RDDT, and more (NASDAQ:ROKU)",https://seekingalpha.com/news/4439944-biggest-stock-movers-friday-amzn-aapl-rddt-and-more,"Stock futures rose Friday morning ahead of the U.S. jobs report, supported by news that China is exploring renewed trade talks with the U.S., fueling hopes for",seekingalpha.com,['roku'],"['China', 'Communication Services', 'Stock']",2025-05-02 09:20:14+00:00,2025-05-02,biggest stock movers friday amzn aapl rddt nasdaqroku stock futures rose friday morning ahead us jobs report supported news china exploring renewed trade talks us fueling hopes
"SA analyst upgrades: NVDA, MSFT, AMD, SBUX, ABNB, U, ADI",https://seekingalpha.com/news/4452661-sa-analyst-upgrades-nvda-msft-amd-sbux-abnb-u-adi,"Seeking Alpha analysts have issued stock rating upgrades for NVDA, MSFT, AMD, ADI, SBUX, ABNB, RKLB, U, FI, BEP, OVV, TEAM, HES and URBN. Read more here.",seekingalpha.com,[],[],2025-05-27 19:41:36+00:00,2025-05-27,sa analyst upgrades nvda msft amd sbux abnb u adi seeking alpha analysts issued stock rating upgrades nvda msft amd adi sbux abnb rklb u fi bep ovv team hes urbn read
"SA analyst upgrades: TSLA, MSFT, AMD, PLTR, VRTX, ONON, CB",https://seekingalpha.com/news/4443323-sa-analyst-upgrades-tsla-msft-amd-pltr-vrtx-onon-cb,"Explore recent stock upgrades by Seeking Alpha: TSLA, MSFT, AMD & more! Discover insights and investment strategies for outperforming the market.",seekingalpha.com,[],[],2025-05-07 16:07:34+00:00,2025-05-07,sa analyst upgrades tsla msft amd pltr vrtx onon cb explore recent stock upgrades seeking alpha tsla msft amd discover insights investment strategies outperforming market
"Biggest stock movers Thursday: MSFT, META, and more (NASDAQ:META)",https://seekingalpha.com/news/4438726-biggest-stock-movers-thursday-msft-meta-and-more,"Stock futures ticked higher early Thursday, buoyed by strong earnings from Microsoft and Meta, two key members of the ""Magnificent Seven."" Here are some of Thur",seekingalpha.com,"['meta', 'msft']","['Stock', 'Technology']",2025-05-01 09:01:23+00:00,2025-05-01,biggest stock movers thursday msft meta nasdaqmeta stock futures ticked higher early thursday buoyed strong earnings microsoft meta two key members magnificent seven thur
"Buy, Sell, or Hold These Mag 7 Stocks After Earnings: AAPL, AMZN",https://www.zacks.com/stock/news/2462427/buy-sell-or-hold-these-mag-7-stocks-after-earnings-aapl-amzn?cid=CS-ZC-FT-stocks_in_the_news-2462427,"Pardon Our Interruption
As you were browsing something about your browser made us think you were a bot. There are a few reasons this might happen:
You've disabled JavaScript in your web browser.
You're a power user moving through this website with su",zacks.com,"['aapl', 'amzn', 'meta', 'meta', 'metv', 'msft']","['Consumer Cyclical', 'ETF', 'Stock', 'Stocks In The News', 'Technology']",2025-05-05 20:18:00+00:00,2025-05-05,buy sell hold mag 7 stocks earnings aapl amzn pardon interruption browsing something browser made us think bot reasons might happen youve disabled javascript web browser youre power user moving website su
"4 stocks to watch on Wednesday: MSFT, META, QCOM and CAT",https://seekingalpha.com/news/4437753-4-stocks-to-watch-on-wednesday-msft-meta-qcom-and-cat,"Microsoft (MSFT), Meta (META), Qualcomm (QCOM), and Caterpillar (CAT) are the stocks to watch on Wednesday. Read more here.",seekingalpha.com,"['cat', 'msft']","['Industrials', 'Stock', 'Technology']",2025-04-30 13:15:21+00:00,2025-04-30,4 stocks watch wednesday msft meta qcom cat microsoft msft meta meta qualcomm qcom caterpillar cat stocks watch wednesday read
"Investors steadfast in buying NVDA, TSLA, market dips during tumultuous trade: IBKR",https://seekingalpha.com/news/4419598-investors-steadfast-in-buying-nvda-tsla-market-dips-during-tumultuous-trade-ibkr,"Investors appeared committed to buying dips in Nvidia, Tesla, and other assets during tumultuous trading recently, IBKR says.",seekingalpha.com,['nvda'],"['Stock', 'Technology']",2025-03-12 12:00:54+00:00,2025-03-12,investors steadfast buying nvda tsla market dips tumultuous trade ibkr investors appeared committed buying dips nvidia tesla assets tumultuous trading recently ibkr says
"SA analyst downgrades: TSLA, AAPL, T, PG, HPE, GILD, LRCX, ARCC",https://seekingalpha.com/news/4436428-sa-analyst-downgrades-tsla-aapl-t-pg-hpe-gild-lrcx-arcc,"Seeking Alpha analysts have issued stock rating downgrades for TSLA, T, PG, HPE, AAPL, GILD, LRCX, ARCC, LULU, NWL, SUN, TYL and KNX. Read more here.",seekingalpha.com,[],[],2025-04-28 18:27:06+00:00,2025-04-28,sa analyst downgrades tsla aapl pg hpe gild lrcx arcc seeking alpha analysts issued stock rating downgrades tsla pg hpe aapl gild lrcx arcc lulu nwl sun tyl knx read
"SA analyst upgrades: AAPL, META, AMD, SMCI, PTON (AAPL:NASDAQ)",https://seekingalpha.com/news/4448969-sa-analyst-upgrades-aapl-meta-amd-smci-pton,"Seeking Alpha analysts have issued stock rating upgrades for Apple, Meta, AMD, Super Micro Computer and Peloton. Read more here.",seekingalpha.com,[],[],2025-05-15 15:44:46+00:00,2025-05-15,sa analyst upgrades aapl meta amd smci pton aaplnasdaq seeking alpha analysts issued stock rating upgrades apple meta amd super micro computer peloton read
"5 stocks to watch on Wednesday: AAPL, META, BA, T and PM (BA:NYSE)",https://seekingalpha.com/news/4433960-5-stocks-to-watch-on-wednesday-aapl-meta-ba-t-and-pm,"Apple (AAPL), Meta (META), Boeing (BA), AT&T (T) and Philip Morris (PM) are the stocks to watch on Wednesday. Read more here.",seekingalpha.com,"['ba', 't']","['Communication Services', 'Industrials', 'Stock']",2025-04-23 13:19:01+00:00,2025-04-23,5 stocks watch wednesday aapl meta ba pm banyse apple aapl meta meta boeing ba att philip morris pm stocks watch wednesday read
"Buy AMZN, META, and Other Tech Stocks Now or Wait for a Bigger Dip?",https://www.zacks.com/commentary/2426915/buy-amzn-meta-and-other-tech-stocks-now-or-wait-for-a-bigger-dip?cid=CS-ZC-FT-investment_ideas-2426915,Stock market euphoria is gone. Does that mean it's time to buy tech stocks on the dip or wait for more selling?,zacks.com,"['amzn', 'meta', 'meta', 'metv', 'nvda']","['Consumer Cyclical', 'ETF', 'Investment Ideas', 'Stock', 'Technology']",2025-03-07 12:00:00+00:00,2025-03-07,buy amzn meta tech stocks wait bigger dip stock market euphoria gone mean time buy tech stocks dip wait selling
"Why META Stock Is The Play, Not Google",https://www.forbes.com/sites/greatspeculations/2025/04/10/why-meta-stock-is-the-play-not-google/,"Margins: Meta enjoys profit margins exceeding 42% , which means more of its revenue growth translates into shareholder profit.",forbes.com,"['goog', 'googl', 'meta', 'meta', 'metv']","['ETF', 'Goog', 'Goog Revenue', 'Goog Stock', 'Goog Valuation', 'Google', 'Meta', 'Meta Platforms', 'Meta Revenue', 'Meta Valuation', 'Stock', 'Tariffs', 'Technology']",2025-04-10 11:00:46+00:00,2025-04-10,meta stock play google margins meta enjoys profit margins exceeding 42 means revenue growth translates shareholder profit
"SA analyst upgrades: GOOG, META, TSLA, UBER, ANET, OKLO, OMF",https://seekingalpha.com/news/4439250-sa-analyst-upgrades-goog-meta-tsla-uber-anet-oklo-omf,"Seeking Alpha analysts have issued stock rating upgrades for GOOG, GOOGL, META, TSLA, UBER, ANET, OKLO and OMF. Read more here.",seekingalpha.com,[],[],2025-05-01 16:42:55+00:00,2025-05-01,sa analyst upgrades goog meta tsla uber anet oklo omf seeking alpha analysts issued stock rating upgrades goog googl meta tsla uber anet oklo omf read
"SA analyst downgrades: META, TSLA, MRK, BABA, UBER, CRWD, DKNG",https://seekingalpha.com/news/4451825-sa-analyst-downgrades-meta-tsla-mrk-baba-uber-crwd-dkng,"Seeking Alpha analysts have issued stock rating downgrades for Meta, Tesla, Merck, Alibaba, Uber, CrowdStrike and DraftKings. Read more here.",seekingalpha.com,"['baba', 'mkgaf', 'mrk']","['Consumer Cyclical', 'Healthcare', 'Stock', 'Unknown Sector']",2025-05-22 20:26:51+00:00,2025-05-22,sa analyst downgrades meta tsla mrk baba uber crwd dkng seeking alpha analysts issued stock rating downgrades meta tesla merck alibaba uber crowdstrike draftkings read
The Week Google and Meta Faced an Antitrust Reckoning,https://www.wsj.com/tech/google-meta-antitrust-trials-4fc7191e,The Week Google and Meta Faced an Antitrust Reckoning,wsj.com,"['goog', 'googl']","['Amzcom', 'Applc', 'Fjfvpl', 'Goog', 'Mcrost', 'Nnewz', 'Onlnfr', 'Stock', 'Summary_Bullets', 'Technology', 'Wsjcorp', 'Wsjcorp-Mamla', 'Wsjcorp-Sf']",2025-04-18 01:00:00+00:00,2025-04-18,week google meta faced antitrust reckoning week google meta faced antitrust reckoning
"Big Tech In Turmoil, The Challenges Confronting Meta And Google",https://www.forbes.com/sites/jackkelly/2025/04/21/big-tech-in-turmoil-the-challenges-confronting-meta-and-google/,"The tech giants Google and Meta, are contending with regulatory scrutiny, economic headwinds from tariffs, intense competition in AI, and internal restructuring efforts. ",forbes.com,"['goog', 'googl']","['CryptoCurrency', 'Stock', 'Technology']",2025-04-21 15:58:00+00:00,2025-04-21,big tech turmoil challenges confronting meta google tech giants google meta contending regulatory scrutiny economic headwinds tariffs intense competition ai internal restructuring efforts
"Amazon, Google, and Meta Sign Pledge to Boost Nuclear Energy",https://www.barrons.com/articles/amazon-stock-meta-nuclear-energy-1e22a926,"Amazon, Google, and Meta Sign Pledge to Boost Nuclear Energy",barrons.com,"['amzn', 'ceg', 'ceg', 'dow', 'dow', 'dow', 'gev', 'goog', 'googl', 'meta', 'meta', 'metv', 'oklo', 'oxy', 'vst']","['Consumer Cyclical', 'ETF', 'Energy', 'Materials', 'Stock', 'Technology', 'Unknown Sector', 'Utilities']",2025-03-12 15:19:00+00:00,2025-03-12,amazon google meta sign pledge boost nuclear energy amazon google meta sign pledge boost nuclear energy
"Google Debuts AI Model for Robotics, Challenging Meta, OpenAI",https://www.bloomberg.com/news/articles/2025-03-12/google-debuts-ai-model-for-robotics-challenging-meta-openai,"Google Debuts AI Model for Robotics, Challenging Meta, OpenAI",bloomberg.com,"['goog', 'googl', 'meta', 'mzor', 'tsla']","['Consumer Cyclical', 'Healthcare', 'Stock', 'Technology', 'Tiingo Top']",2025-03-12 15:00:00+00:00,2025-03-12,google debuts ai model robotics challenging meta openai google debuts ai model robotics challenging meta openai
"Google, Meta and Snap think this tech is the next big thing",https://www.cnn.com/2025/06/14/tech/google-meta-snap-smart-glasses-ai,"Big Tech has been on a mission to find the next technology that would become as pervasive as the smartphone. Nearly two decades after the first iPhone launched, Silicon Valley thinks it’s finally found the answer: Smart glasses.",cnn.com,"['goog', 'googl', 'mat']","['Consumer Cyclical', 'Stock', 'Technology']",2025-06-14 09:00:07+00:00,2025-06-14,google meta snap think tech next big thing big tech mission find next technology would become pervasive smartphone nearly two decades first iphone launched silicon valley thinks finally found answer smart glasses
"Amazon, Google and Meta support tripling nuclear power by 2050",https://www.cnbc.com/2025/03/12/amazon-google-and-meta-support-tripling-nuclear-power-by-2050.html,"The pledge is nonbinding, but highlights the growing support for expanding nuclear power among leading industries, finance and governments.",cnbc.com,"['amzn', 'goog', 'googl', 'meta', 'meta', 'metv']","['Breaking News: Markets', 'Consumer Cyclical', 'ETF', 'Energy', 'Markets', 'Stock', 'Technology', 'Tiingo Top']",2025-03-12 11:23:26+00:00,2025-03-12,amazon google meta support tripling nuclear power 2050 pledge nonbinding highlights growing support expanding nuclear power among leading industries finance governments
Bull of the Day: GameStop (GME),https://www.zacks.com/commentary/2448073/bull-of-the-day-gamestop-gme?cid=CS-ZC-FT-bull_of_the_day-2448073,"Pardon Our Interruption
As you were browsing something about your browser made us think you were a bot. There are a few reasons this might happen:
You've disabled JavaScript in your web browser.
You're a power user moving through this website with su",zacks.com,['gme'],"['Bull Of The Day', 'Consumer Cyclical', 'Stock']",2025-04-14 09:00:00+00:00,2025-04-14,bull day gamestop gme pardon interruption browsing something browser made us think bot reasons might happen youve disabled javascript web browser youre power user moving website su
"Germany weighs 10% tax on internet giants like Google, Meta",https://seekingalpha.com/news/4453716-germany-weighs-tax-digital-platforms,Germany aims to address monopoly concerns and media diversity with the tax. Read more.,seekingalpha.com,"['goog', 'googl']","['Germany', 'Stock', 'Technology']",2025-05-30 06:45:08+00:00,2025-05-30,germany weighs 10 tax internet giants like google meta germany aims address monopoly concerns media diversity tax read
Warby Parker partners with Google as they take on Meta with AI-powered glasses,https://www.marketwatch.com/story/warby-parker-partners-with-google-as-they-take-on-meta-with-ai-powered-glasses-072af98b,Warby Parker partners with Google as they take on Meta with AI-powered glasses,marketwatch.com,"['goog', 'googl', 'meta', 'meta', 'metv', 'wrby']","['ETF', 'Goog', 'Googl', 'Meta', 'Stock', 'Technology', 'Unknown Sector', 'Wrby']",2025-05-20 20:21:00+00:00,2025-05-20,warby parker partners google take meta aipowered glasses warby parker partners google take meta aipowered glasses
"Meta, Google Hammered in Court in Sign of Rare Left-Right Unity",https://www.bloomberg.com/news/articles/2025-04-24/meta-google-hammered-in-court-in-sign-of-rare-left-right-unity,"Meta, Google Hammered in Court in Sign of Rare Left-Right Unity",bloomberg.com,"['aapl', 'amzn', 'goog', 'googl', 'msft', 'nvda']","['Consumer Cyclical', 'Stock', 'Technology', 'Tiingo Top']",2025-04-24 18:24:01+00:00,2025-04-24,meta google hammered court sign rare leftright unity meta google hammered court sign rare leftright unity
"Meta, App Makers Launch Washington Lobby to Fight Apple and Google",https://www.bloomberg.com/news/articles/2025-04-30/meta-app-makers-launch-washington-lobby-to-fight-apple-google,"Meta, App Makers Launch Washington Lobby to Fight Apple and Google",bloomberg.com,"['aapl', 'goog', 'googl', 'mtch', 'snap', 'spot']","['Stock', 'Technology', 'Tiingo Top']",2025-04-30 14:00:00+00:00,2025-04-30,meta app makers launch washington lobby fight apple google meta app makers launch washington lobby fight apple google
Xreal and Google Debut AuraAR Glasses to Rival Meta’s Orion Plan,https://www.bloomberg.com/news/articles/2025-05-20/xreal-and-google-debut-project-aura-ar-glasses-to-rival-meta-s-orion-glasses,Xreal and Google Debut AuraAR Glasses to Rival Meta’s Orion Plan,bloomberg.com,"['aapl', 'goog', 'googl', 'meta', 'oec', 'oesx', 'orn', 'qcom']","['Basic Materials', 'Industrials', 'Stock', 'Technology', 'Tiingo Top']",2025-05-20 17:45:26+00:00,2025-05-20,xreal google debut auraar glasses rival metas orion plan xreal google debut auraar glasses rival metas orion plan
Will UNH Stock Rebound?,https://www.forbes.com/sites/greatspeculations/2025/05/26/will-unh-stock-rebound/,This represents one of the steepest daily selloffs in the stock’s history and brings UNH to levels not seen in five years. ,forbes.com,[],"['Unh Revenue', 'Unitedhealth']",2025-05-26 11:00:49+00:00,2025-05-26,unh stock rebound represents one steepest daily selloffs stocks history brings unh levels seen five years
"TED Reveals From OpenAI, Google, Meta Heads To Court, Selfie With Myself",https://www.forbes.com/sites/charliefink/2025/04/12/ted-reveals-from-openai-google-meta-heads-to-court-selfie-with-myself/,"Sam Altman’s TED talk, Google’s new glasses, Meta’s legal fight, de-extinct wolves, and plus more cinematic AI. ",forbes.com,"['goog', 'googl']","['James Cameron', 'Openai', 'Stock', 'Technology', 'Ted']",2025-04-12 17:28:53+00:00,2025-04-12,ted reveals openai google meta heads court selfie sam altmans ted talk googles new glasses metas legal fight deextinct wolves plus cinematic ai
"On Motorola’s new Razr phones, Google shares the spotlight with Perplexity, Meta and Microsoft",https://www.cnn.com/2025/04/24/tech/motorola-new-razr-phones-perplexity-ai/index.html,"Motorola on Thursday debuted new versions of its Razr flip phone with artificial intelligence-powered features from Perplexity, Meta and Microsoft in addition to its own AI technology and Google’s.",cnn.com,"['goog', 'googl', 'lnvgy', 'msft', 'msi']","['Stock', 'Technology']",2025-04-24 16:33:19+00:00,2025-04-24,motorolas new razr phones google shares spotlight perplexity meta microsoft motorola thursday debuted new versions razr flip phone artificial intelligencepowered features perplexity meta microsoft addition ai technology googles
"Meta Hires Top Researchers From Google, Sesame for New AI Lab",https://www.bloomberg.com/news/articles/2025-06-11/meta-hires-top-researchers-from-google-sesame-for-new-ai-lab,"Meta Hires Top Researchers From Google, Sesame for New AI Lab",bloomberg.com,"['goog', 'googl', 'meta']","['Stock', 'Technology', 'Tiingo Top']",2025-06-11 17:13:53+00:00,2025-06-11,meta hires top researchers google sesame new ai lab meta hires top researchers google sesame new ai lab
AMZN Stock To $400?,https://www.forbes.com/sites/greatspeculations/2025/06/25/amzn-stock-to-400/,But what could propel the stock to double from current levels over the next few years? ,forbes.com,"['aaic', 'ai', 'aws', 'meta', 'meta', 'metv']","['Ai', 'Amazon', 'Amzn Revenue', 'Amzn Stock', 'Amzn Valuation', 'Aws', 'ETF', 'Financial Services', 'Google', 'Meta', 'Microsoft', 'Stock', 'Technology', 'Unknown Sector']",2025-06-25 13:28:37+00:00,2025-06-25,amzn stock 400 could propel stock double current levels next years
Buy MSFT Stock At $400?,https://www.forbes.com/sites/greatspeculations/2025/04/14/buy-msft-stock-at-400/,This growth gap indicates a more promising return outlook for Microsoft shareholders.,forbes.com,"['aaic', 'ai', 'msft']","['Ai', 'China', 'Financial Services', 'Ibm', 'Ibm Revenue', 'Ibm Stock', 'Microsoft', 'Microsoft Stock', 'Msft Revenue', 'Stock', 'Tariffs', 'Technology', 'Unknown Sector']",2025-04-14 12:00:19+00:00,2025-04-14,buy msft stock 400 growth gap indicates promising return outlook microsoft shareholders
Bull Of The Day: Microsoft (MSFT),https://www.zacks.com/commentary/2467229/bull-of-the-day-microsoft-msft?cid=CS-ZC-FT-bull_of_the_day-2467229,"Pardon Our Interruption
As you were browsing something about your browser made us think you were a bot. There are a few reasons this might happen:
You've disabled JavaScript in your web browser.
You're a power user moving through this website with su",zacks.com,['msft'],"['Bull Of The Day', 'Stock', 'Technology']",2025-05-13 11:09:00+00:00,2025-05-13,bull day microsoft msft pardon interruption browsing something browser made us think bot reasons might happen youve disabled javascript web browser youre power user moving website su
What’s Happening With MSFT Stock?,https://www.forbes.com/sites/greatspeculations/2025/06/20/whats-happening-with-msft-stock/,The stock has outperformed so far this year thanks to rising demand for Azure amid the AI boom,forbes.com,"['aaic', 'ai', 'tall']","['Ai', 'Azure', 'ETF', 'Financial Services', 'Microsoft', 'Microsoft Stock', 'Msft Revenue', 'Msft Valuation', 'S&P 500', 'Stock', 'Teams', 'Unknown Sector']",2025-06-20 10:30:42+00:00,2025-06-20,whats happening msft stock stock outperformed far year thanks rising demand azure amid ai boom
Buy MSFT Stock At $460?,https://www.forbes.com/sites/greatspeculations/2025/05/30/buy-msft-stock-at-460/,"However, following its recent ascent, is MSFT stock still worth buying? Yes, we believe that MSFT stock, which is currently priced around $460...",forbes.com,"['aaic', 'ai']","['Ai', 'Azure', 'Cloud', 'Financial Services', 'Microsoft', 'Microsoft Stock', 'Msft Margins', 'Msft Revenue', 'Msft Valuation', 'S&P500', 'Stock', 'Unknown Sector']",2025-05-30 13:45:26+00:00,2025-05-30,buy msft stock 460 however following recent ascent msft stock still worth buying yes believe msft stock currently priced around 460
NVDA Stock Overvalued At $140?,https://www.forbes.com/sites/greatspeculations/2025/05/29/nvda-stock-overvalued-at-140/,Will Nvidia's growth continue?,forbes.com,"['nvda', 'tall']","['ETF', 'Markets', 'Nasdaq', 'Nvda Earnings', 'Nvda Revenue', 'Nvda Valuation', 'Nvidia', 'Nvidia Revenue', 'Nvidia Stock', 'S&P 500', 'Stock', 'Technology', 'Tiingo Top', 'Unknown Sector']",2025-05-29 09:00:16+00:00,2025-05-29,nvda stock overvalued 140 nvidias growth continue
Will GameStop (GME) Gain on Rising Earnings Estimates?,https://www.zacks.com/stock/news/2442115/will-gamestop-gme-gain-on-rising-earnings-estimates?cid=CS-ZC-FT-tale_of_the_tape%7Cyseop_template_8-2442115,"Pardon Our Interruption
As you were browsing something about your browser made us think you were a bot. There are a few reasons this might happen:
You've disabled JavaScript in your web browser.
You're a power user moving through this website with su",zacks.com,['gme'],"['Consumer Cyclical', 'Stock', 'Tale Of The Tape']",2025-04-08 16:20:01+00:00,2025-04-08,gamestop gme gain rising earnings estimates pardon interruption browsing something browser made us think bot reasons might happen youve disabled javascript web browser youre power user moving website su
"Zacks Earnings Trends Highlights: Meta, Tesla, Nvidia, Google, Microsoft, Amazon and Apple",https://www.zacks.com/stock/news/2435945/zacks-earnings-trends-highlights-meta-tesla-nvidia-google-microsoft-amazon-and-apple?cid=CS-ZC-FT-press_releases-2435945,"Pardon Our Interruption
As you were browsing something about your browser made us think you were a bot. There are a few reasons this might happen:
You've disabled JavaScript in your web browser.
You're a power user moving through this website with su",zacks.com,"['aapl', 'amzn', 'goog', 'googl', 'meta', 'meta', 'metv', 'msft', 'nvda', 'tsla']","['Consumer Cyclical', 'ETF', 'Press Releases', 'Stock', 'Technology']",2025-03-27 09:00:00+00:00,2025-03-27,zacks earnings trends highlights meta tesla nvidia google microsoft amazon apple pardon interruption browsing something browser made us think bot reasons might happen youve disabled javascript web browser youre power user moving website su
Why GameStop (GME) Stock Is Down Today,https://stockstory.org/us/stocks/nyse/gme/news/why-up-down/why-gamestop-gme-stock-is-down-today-2,"Shares of video game retailer GameStop (NYSE:GME)
 fell 19.4% in the morning session after the company announced plans to offer $1.75 billion in Convertible Senior Notes due in 2032 to qualified institutional buyers. The stock is likely down due to concerns about the dilutive effect of the notes, which can be converted to the company's ordinary stock, raising the total share count. ",stockstory.org,['gme'],"['Consumer Cyclical', 'Stock', 'Stockstory', 'Tiingo Top', 'Why-It-Moves-Single']",2025-06-12 15:32:39+00:00,2025-06-12,gamestop gme stock today shares video game retailer gamestop nysegme fell 194 morning session company announced plans offer 175 billion convertible senior notes due 2032 qualified institutional buyers stock likely due concerns dilutive effect notes converted companys ordinary stock raising total share count
Meta Taps New Head of AI Lab After Staffer’s Return From Google,https://www.bloomberg.com/news/articles/2025-05-08/meta-taps-new-head-of-ai-lab-after-staffer-s-return-from-google,Meta Taps New Head of AI Lab After Staffer’s Return From Google,bloomberg.com,"['goog', 'googl', 'meta']","['Stock', 'Technology', 'Tiingo Top']",2025-05-08 15:29:12+00:00,2025-05-08,meta taps new head ai lab staffers return google meta taps new head ai lab staffers return google
"Facebook parent Meta launches AI assistant app, further competing with OpenAI and Google",https://www.cnn.com/2025/04/29/tech/meta-launches-ai-app-competing-with-openai-google/index.html,"Facebook parent Meta Platforms on Tuesday launched a separate app for its Meta AI assistant, similar to those offered by Microsoft-backed OpenAI and Alphabet’s Google.",cnn.com,"['goog', 'googl', 'msft']","['Stock', 'Technology']",2025-04-29 17:02:56+00:00,2025-04-29,facebook parent meta launches ai assistant app competing openai google facebook parent meta platforms tuesday launched separate app meta ai assistant similar offered microsoftbacked openai alphabets google
"Google stellt KI-Modell fr Robotik vor; Rivale von Meta, OpenAI",https://www.bloomberg.com/news/articles/2025-03-13/google-stellt-ki-modell-fur-robotik-vor-rivale-von-meta-openai,"Google stellt KI-Modell fr Robotik vor; Rivale von Meta, OpenAI",bloomberg.com,"['goog', 'googl']","['Stock', 'Technology', 'Tiingo Top']",2025-03-13 05:00:00+00:00,2025-03-13,google stellt kimodell fr robotik vor rivale von meta openai google stellt kimodell fr robotik vor rivale von meta openai
"Hugo Barra, who worked at Meta, Google, and Xiaomi, joins Sonos' board (SONO:NASDAQ)",https://seekingalpha.com/news/4430222-hugo-barra-who-worked-at-meta-google-and-xiaomi-joins-sonos-board,"Wireless sound system solutions company Sonos (SONO) has appointed former vice president of Meta's (META) Oculus VR division, Hugo Barra, to its board of directors.",seekingalpha.com,"['goog', 'googl']","['Stock', 'Technology']",2025-04-10 18:49:59+00:00,2025-04-10,hugo barra worked meta google xiaomi joins sonos board sononasdaq wireless sound system solutions company sonos sono appointed former vice president metas meta oculus vr division hugo barra board directors
Bull of the Day: NVIDIA (NVDA),https://www.zacks.com/commentary/2431038/bull-of-the-day-nvidia-nvda?cid=CS-ZC-FT-bull_of_the_day-2431038,Today Jensen will unveil more wonders from his magic shop at 10am PDT. Learn about DIGITS here first!,zacks.com,['nvda'],"['Bull Of The Day', 'Stock', 'Technology']",2025-03-18 09:20:00+00:00,2025-03-18,bull day nvidia nvda today jensen unveil wonders magic shop 10am pdt learn digits first
Is NVDA Stock A Bargain At $110?,https://www.forbes.com/sites/greatspeculations/2025/04/11/is-nvda-stock-a-bargain-at-110/,"Margins: Nvidia maintains profit margins above 60% , allowing more of its revenue growth to convert into profits.",forbes.com,['nvda'],"['Microsoft', 'Msft Revenue', 'Msft Stock', 'Nvda', 'Nvda Margins', 'Nvda Revenue', 'Nvda Valuation', 'Nvidia', 'Stock', 'Tariffs', 'Technology', 'Trump']",2025-04-11 09:45:00+00:00,2025-04-11,nvda stock bargain 110 margins nvidia maintains profit margins 60 allowing revenue growth convert profits
GameStop Earnings: What To Look For From GME,https://stockstory.org/us/stocks/nyse/gme/news/earnings/gamestop-earnings-what-to-look-for-from-gme,"Video game retailer GameStop (NYSE:GME)
 will be announcing earnings results tomorrow afternoon. Here’s what you need to know. ",stockstory.org,"['gme', 'nvda']","['Consumer Cyclical', 'Pre-Earnings', 'Stock', 'Stockstory', 'Technology', 'Tiingo Top']",2025-06-09 07:01:10+00:00,2025-06-09,gamestop earnings look gme video game retailer gamestop nysegme announcing earnings results tomorrow afternoon heres need know
Time To Buy AMZN Stock?,https://www.forbes.com/sites/greatspeculations/2025/06/05/time-to-buy-amzn-stock/,"The stock has seen a nice jump lately, climbing 24% from around $167 on April 21 to $208 now. This rally seems to be fueled by the broader...",forbes.com,"['aws', 'tall']","['Amazon', 'Amazon Stock', 'Amzn Revenue', 'Amzn Valuation', 'Aws', 'ETF', 'Google', 'Markets', 'Microsoft', 'S&P 500', 'Stock', 'Tiingo Top', 'Unknown Sector']",2025-06-05 13:47:13+00:00,2025-06-05,time buy amzn stock stock seen nice jump lately climbing 24 around 167 april 21 208 rally seems fueled broader
What’s Happening With AMZN Stock?,https://www.forbes.com/sites/greatspeculations/2025/04/24/whats-happening-with-amzn-stock/,Seems like folks are getting a little worried about how tariffs might mess with their business.,forbes.com,"['aaic', 'ai', 'aws']","['Ai', 'Amazon', 'Amazon Earnings', 'Amazon Stock', 'Amzn Margins', 'Amzn Revenue', 'Aws', 'Financial Services', 'Recession', 'Stock', 'Tariffs', 'Trump', 'Unknown Sector']",2025-04-24 12:29:08+00:00,2025-04-24,whats happening amzn stock seems like folks getting little worried tariffs might mess business
"Meta delays 'Behemoth' AI model, handing OpenAI and Google even more of a head start",https://www.zdnet.com/article/meta-delays-behemoth-ai-model-handing-openai-and-google-even-more-of-a-head-start/,One of the 'smartest LLMs in the world' is reportedly not significant enough to justify a public release just yet.,zdnet.com,"['goog', 'googl']","['Stock', 'Technology']",2025-05-16 17:07:11+00:00,2025-05-16,meta delays behemoth ai model handing openai google even head start one smartest llms world reportedly significant enough justify public release yet
"800.com Launches Integrations with Google, Meta, and Bing Ads to Power Smarter Marketing Attribution",https://www.businesswire.com/news/home/20250626646462/en/800.com-Launches-Integrations-with-Google-Meta-and-Bing-Ads-to-Power-Smarter-Marketing-Attribution?feedref=JjAwJuNHiystnCoBq_hl-fqXyBvmekC3Xq1G1wQ7hjMFbZM1ntlKeK-8bUzJqFSVSfe41V1BKA-b6v2ZVrSSNs-dUYKiDvY7XniNSqv88QcY1Ge_vf9QIMZ4alzIf_0HlyE0C4hZhHVlTvKnn0d0vQ%3D%3D,"800.com, a trusted leader in cloud-based business telephony, now offers seamless call tracking integrations with the world’s top digital ad platforms: Google...",businesswire.com,"['goog', 'googl', 'msft', 'plug', 'pw', 'terp']","['Real Estate', 'Stock', 'Technology', 'Utilities']",2025-06-26 20:42:00+00:00,2025-06-26,800com launches integrations google meta bing ads power smarter marketing attribution 800com trusted leader cloudbased business telephony offers seamless call tracking integrations worlds top digital ad platforms google
Forget Ray-Ban Meta: Google Smart Glasses Will Feature Warby Parker’s Cool Styling,https://www.forbes.com/sites/davidphelan/2025/05/21/forget-ray-ban-meta-google-smart-glasses-will-feature-warby-parkers-cool-styling/,"Google has just revealed that it’s working with Warby Parker, Kering Eyewear and Gentle Monster to create more desirable smart glasses. Here’s what we know. ",forbes.com,"['goog', 'googl']","['Android', 'Android Xr', 'Gentle Monster', 'Google', 'Google I', 'Kering', 'O', 'Stock', 'Technology', 'Warby Parker']",2025-05-21 20:06:07+00:00,2025-05-21,forget rayban meta google smart glasses feature warby parkers cool styling google revealed working warby parker kering eyewear gentle monster create desirable smart glasses heres know
"Google Guilty Again, Meta On Trial, OpenAI Social, IR Rolls Up Touchcast AI",https://www.forbes.com/sites/charliefink/2025/04/17/google-guilty-again-meta-on-trial-openai-social-ir-rolls-up-touchcast-ai/,"Google ruled guilty of ad-tech monopoly, Meta defends old acquisitions, OpenAI builds a social platform, and Infinite Reality adds AI avatars with Touchcast deal.",forbes.com,"['aaic', 'ai', 'goog', 'googl', 'meta', 'meta', 'metv', 'vr']","['Ai', 'ETF', 'Financial Services', 'Google', 'Meta', 'Openai', 'Stock', 'Technology', 'Unknown Sector', 'Vr', 'Xr']",2025-04-18 00:57:13+00:00,2025-04-18,google guilty meta trial openai social ir rolls touchcast ai google ruled guilty adtech monopoly meta defends old acquisitions openai builds social platform infinite reality adds ai avatars touchcast deal
"Google, Scale AI's largest customer, plans split after Meta deal, sources say",https://www.reuters.com/business/google-scale-ais-largest-customer-plans-split-after-meta-deal-sources-say-2025-06-13/,"Google, Scale AI's largest customer, plans split after Meta deal, sources say",reuters.com,"['goog', 'googl', 'meta', 'msft']","['2025:Ml_Kbn3Ia23T', '2025:Ml_Kbn3Ia23T:1', '2025:Ml_Kbn3Ia23T:2', '2025:Ml_Kbn3Ia23U', '2025:Ml_Kbn3Ia23U:1', '2025:Ml_Kbn3Ia23U:2', '2025:Ml_L6N3Sg05A', '2025:Ml_L6N3Sg05A:176190044', 'Guid:Tag:Reuters.Com', 'Stock', 'Technology', 'Usn:Kbn3Ia23T', 'Usn:Kbn3Ia23U', 'Usn:L6N3Sg05A', 'Vguid:Tag:Reuters.Com']",2025-06-13 21:35:56+00:00,2025-06-13,google scale ais largest customer plans split meta deal sources say google scale ais largest customer plans split meta deal sources say
Scale AI's largest customer Google plans to part ways with startup after Meta deal,https://seekingalpha.com/news/4458244-scale-ais-largest-customer-google-plans-to-part-ways-with-startup-after-meta-deal,Scale AI's biggest customer Google plans to part ways with Scale after news broke that Meta is taking a 49% stake in the startup.,seekingalpha.com,"['goog', 'googl']","['Stock', 'Technology']",2025-06-16 09:08:56+00:00,2025-06-16,scale ais largest customer google plans part ways startup meta deal scale ais biggest customer google plans part ways scale news broke meta taking 49 stake startup
Why GameStop (GME) Stock Is Trading Lower Today,https://stockstory.org/us/stocks/nyse/gme/news/why-up-down/why-gamestop-gme-stock-is-trading-lower-today-2,"Shares of video game retailer GameStop (NYSE:GME)
 fell 5.2% in the afternoon session after the company reported underwhelming first-quarter 2025 results. Sales missed expectations, down a whopping 17%, signaling persistently soft demand for its core offerings. The miss was driven by shrinking sales in hardware and software, wiping out gains in the collectibles business that grew to nearly 30% of total sales. ",stockstory.org,"['aapl', 'gme', 'msft']","['Consumer Cyclical', 'CryptoCurrency', 'Stock', 'Stockstory', 'Technology', 'Tiingo Top', 'Why-It-Moves-Single']",2025-06-11 20:10:27+00:00,2025-06-11,gamestop gme stock trading lower today shares video game retailer gamestop nysegme fell 52 afternoon session company reported underwhelming firstquarter 2025 results sales missed expectations whopping 17 signaling persistently soft demand core offerings miss driven shrinking sales hardware software wiping gains collectibles business grew nearly 30 total sales
Why GameStop (GME) Shares Are Trading Lower Today,https://stockstory.org/us/stocks/nyse/gme/news/why-up-down/why-gamestop-gme-shares-are-trading-lower-today-3,"Shares of video game retailer GameStop (NYSE:GME)
 fell 11.4% in the morning session after the company announced its first purchase of Bitcoin (4,710 Bitcoin) valued at more than $500m. The purchase was announced on a day when crypto assets were losing momentum. ",stockstory.org,"['gme', 'msft']","['Consumer Cyclical', 'CryptoCurrency', 'Stock', 'Stockstory', 'Technology', 'Tiingo Top', 'Why-It-Moves-Single']",2025-05-28 15:31:51+00:00,2025-05-28,gamestop gme shares trading lower today shares video game retailer gamestop nysegme fell 114 morning session company announced first purchase bitcoin 4710 bitcoin valued 500m purchase announced day crypto assets losing momentum
Why Is GameStop (GME) Stock Rocketing Higher Today,https://stockstory.org/us/stocks/nyse/gme/news/why-up-down/why-is-gamestop-gme-stock-rocketing-higher-today-2,"Shares of video game retailer GameStop (NYSE:GME) jumped 7.8% in the afternoon session after stocks tied to digital assets surged as Bitcoin, the world's largest cryptocurrency by market cap, reached a new all-time high, edging past the $110,000 mark. ",stockstory.org,['gme'],"['Consumer Cyclical', 'CryptoCurrency', 'Stock', 'Stockstory', 'Tiingo Top', 'Why-It-Moves-Single']",2025-05-22 20:48:31+00:00,2025-05-22,gamestop gme stock rocketing higher today shares video game retailer gamestop nysegme jumped 78 afternoon session stocks tied digital assets surged bitcoin worlds largest cryptocurrency market cap reached new alltime high edging past 110000 mark
Is Trending Stock GameStop Corp. (GME) a Buy Now?,https://www.zacks.com/stock/news/2453471/is-trending-stock-gamestop-corp-gme-a-buy-now?cid=CS-ZC-FT-tale_of_the_tape%7Cmost_searched_stocks-2453471,"Pardon Our Interruption
As you were browsing something about your browser made us think you were a bot. There are a few reasons this might happen:
You've disabled JavaScript in your web browser.
You're a power user moving through this website with su",zacks.com,['gme'],"['Consumer Cyclical', 'Stock', 'Tale Of The Tape']",2025-04-23 13:00:12+00:00,2025-04-23,trending stock gamestop corp gme buy pardon interruption browsing something browser made us think bot reasons might happen youve disabled javascript web browser youre power user moving website su
"Executive reshuffles: UNH, ISRG, and NVO",https://seekingalpha.com/news/4449901-executive-reshuffles-unh-isrg-and-nvo,"Discover the latest executive changes across major companies like UnitedHealth, Intuitive, Novo Nordisk, and more.",seekingalpha.com,"['nvo', 'unh']","['Healthcare', 'Stock']",2025-05-18 18:59:14+00:00,2025-05-18,executive reshuffles unh isrg nvo discover latest executive changes across major companies like unitedhealth intuitive novo nordisk
What Sparked UNH Stock Crash?,https://www.forbes.com/sites/greatspeculations/2025/05/27/what-sparked-unh-stock-crash/,"UnitedHealth Group’s stock has dropped a lot, over 50% since April. But, what caused this big fall?",forbes.com,['unh'],"['Health Insurance', 'Healthcare', 'Medicare', 'Stock', 'Unh Revenue', 'Unh Valuation', 'Unitedhealth Group', 'Unitedhealth Stock', 'Unitedheatlh']",2025-05-27 12:18:30+00:00,2025-05-27,sparked unh stock crash unitedhealth groups stock dropped lot 50 since april caused big fall
Why UnitedHealth (UNH) Stock Is Nosediving,https://stockstory.org/us/stocks/nyse/unh/news/why-up-down/why-unitedhealth-unh-stock-is-nosediving,"Shares of health insurance company UnitedHealth (NYSE:UNH) fell 5.5% in the afternoon session after HSBC analysts downgraded the stock's rating from Neutral to Sell, adding that the recent sell-off had yet to provide a cheap opportunity to buy. The analysts also cited key reasons for the concerns, including ""higher medical costs, political pressure on drug prices, and lower overall profitability ahead, especially if there are cuts to Medicaid spending."". ",stockstory.org,['unh'],"['Healthcare', 'Stock', 'Stockstory', 'Tiingo Top', 'Why-It-Moves-Single']",2025-05-21 20:09:39+00:00,2025-05-21,unitedhealth unh stock nosediving shares health insurance company unitedhealth nyseunh fell 55 afternoon session hsbc analysts downgraded stocks rating neutral sell adding recent selloff yet provide cheap opportunity buy analysts also cited key reasons concerns including higher medical costs political pressure drug prices lower overall profitability ahead especially cuts medicaid spending
Is Nvidia (NVDA) stock a buy now?,https://finbold.com/is-nvidia-nvda-stock-a-buy-now-2/,"For long-term investors, the dip could present a strategic buying opportunity as Nvidia's AI dominance remains strong. However, short-term traders should watch technical levels and macroeconomic trends, which could keep NVDA stock under pressure in the near term.",finbold.com,"['amzn', 'meta', 'nvda']","['Consumer Cyclical', 'CryptoCurrency', 'Nvda', 'Nvidia', 'Stock', 'Stocks', 'Technology']",2025-03-12 10:34:50+00:00,2025-03-12,nvidia nvda stock buy longterm investors dip could present strategic buying opportunity nvidias ai dominance remains strong however shortterm traders watch technical levels macroeconomic trends could keep nvda stock pressure near term
Is UNH Stock Now A Falling Knife?,https://www.forbes.com/sites/greatspeculations/2025/05/15/is-unh-stock-now-a-falling-knife/,"Its rapid stock price decline has led many investors to now view it as a ""falling knife,"" a term for an asset in sharp descent that carries the risk of further losses ...",forbes.com,[],"['Fraud', 'Medicare', 'Optum', 'Stock', 'Unh Revenue', 'Unh Valuation', 'Unitedhealthcare']",2025-05-15 11:17:17+00:00,2025-05-15,unh stock falling knife rapid stock price decline led many investors view falling knife term asset sharp descent carries risk losses
Is GameStop (GME) A 'Buy' Heading into Q1 Earnings Announcement?,https://www.zacks.com/stock/news/2487593/is-gamestop-gme-a-buy-heading-into-q1-earnings-announcement?cid=CS-ZC-FT-video_blog-2487593,"Pardon Our Interruption
As you were browsing something about your browser made us think you were a bot. There are a few reasons this might happen:
You've disabled JavaScript in your web browser.
You're a power user moving through this website with su",zacks.com,['gme'],"['Consumer Cyclical', 'Cryptocurrency', 'Stock', 'Video Blog']",2025-06-06 15:25:00+00:00,2025-06-06,gamestop gme buy heading q1 earnings announcement pardon interruption browsing something browser made us think bot reasons might happen youve disabled javascript web browser youre power user moving website su
UNH Stock Vs. CVS Stock,https://www.forbes.com/sites/greatspeculations/2025/05/15/unh-stock-vs-cvs-stock/,Health insurance companies have been in the limelight lately after UnitedHealthcare suspended its guidance for the full year citing higher medical costs.,forbes.com,[],"['Cvs', 'Cvs Revenue', 'Cvs Stock', 'Cvs Valuation', 'Optum', 'Unh Valuation', 'Unitedhealthcare']",2025-05-15 14:59:43+00:00,2025-05-15,unh stock vs cvs stock health insurance companies limelight lately unitedhealthcare suspended guidance full year citing higher medical costs
UiPath (PATH) and GameStop (GME) Are Aggressive Growth Stocks,https://www.zacks.com/stock/news/2455461/uipath-path-and-gamestop-gme-are-aggressive-growth-stocks?cid=CS-ZC-FT-video_blog-2455461,"Pardon Our Interruption
As you were browsing something about your browser made us think you were a bot. There are a few reasons this might happen:
You've disabled JavaScript in your web browser.
You're a power user moving through this website with su",zacks.com,"['gme', 'path', 'path']","['Consumer Cyclical', 'Stock', 'Unknown Sector', 'Video Blog']",2025-04-24 22:33:00+00:00,2025-04-24,uipath path gamestop gme aggressive growth stocks pardon interruption browsing something browser made us think bot reasons might happen youve disabled javascript web browser youre power user moving website su
"I wore Google's XR glasses, and they already beat my Ray-Ban Meta in 3 ways",https://www.zdnet.com/article/i-wore-googles-xr-glasses-and-they-already-beat-my-ray-ban-meta-in-3-ways/,Five minutes spent with Google's XR glasses framework showed me the next stage of smart wearables.,zdnet.com,"['goog', 'googl']","['Stock', 'Technology']",2025-05-26 10:00:17+00:00,2025-05-26,wore googles xr glasses already beat rayban meta 3 ways five minutes spent googles xr glasses framework showed next stage smart wearables
I tried Google's XR glasses and they already beat my Meta Ray-Bans in 3 ways,https://www.zdnet.com/article/i-tried-googles-xr-glasses-and-they-already-beat-my-meta-ray-bans-in-3-ways/,"I had the opportunity to wear Google's XR glasses for 5 minutes. As a Ray-Ban user, I now wish my Meta pair had these features.",zdnet.com,"['goog', 'googl']","['Stock', 'Technology']",2025-05-21 13:49:46+00:00,2025-05-21,tried googles xr glasses already beat meta raybans 3 ways opportunity wear googles xr glasses 5 minutes rayban user wish meta pair features
"Exclusive-Google, Scale AI's largest customer, plans split after Meta deal, sources say",https://www.channelnewsasia.com/business/exclusive-google-scale-ais-largest-customer-plans-split-after-meta-deal-sources-say-5181556,"SAN FRANCISCO :Alphabet's Google, the largest customer of Scale AI, plans to cut ties with Scale after news broke that rival Meta is taking a 49 per cent stake in the AI data-labeling startup, five sources familiar with the matter told Reuters.Google had planned to pay Scale AI about $200 million this year",channelnewsasia.com,"['goog', 'googl', 'msft']","['Stock', 'Technology']",2025-06-13 21:33:30+00:00,2025-06-13,exclusivegoogle scale ais largest customer plans split meta deal sources say san francisco alphabets google largest customer scale ai plans cut ties scale news broke rival meta taking 49 per cent stake ai datalabeling startup five sources familiar matter told reutersgoogle planned pay scale ai 200 million year
Meta brings back scientist from Google to helm AI lab he co-founded (META:NASDAQ),https://seekingalpha.com/news/4444737-meta-brings-back-scientist-from-google-to-helm-ai-lab-he-co-founded,"Social media and tech giant Meta Platforms (META) has chosen Robert Fergus to lead Facebook AI Research lab, or FAIR, Bloomberg reported Thursday.",seekingalpha.com,"['goog', 'googl']","['Stock', 'Technology']",2025-05-08 16:28:53+00:00,2025-05-08,meta brings back scientist google helm ai lab cofounded metanasdaq social media tech giant meta platforms meta chosen robert fergus lead facebook ai research lab fair bloomberg reported thursday
"AI Money Moves: Hedra, Cartwheel, And Schemata Raise Cash While Google And Meta Show Their Hands",https://www.forbes.com/sites/charliefink/2025/05/15/ai-money-moves-hedra-cartwheel-and-schemata-raise-cash-while-google-and-meta-show-their-hands/,Apple is chewing its heart out with envy as it races to catch up.,forbes.com,"['goog', 'googl']","['CryptoCurrency', 'Stock', 'Technology']",2025-05-16 02:04:29+00:00,2025-05-16,ai money moves hedra cartwheel schemata raise cash google meta show hands apple chewing heart envy races catch
Here’s why JPM stock is surging,https://finbold.com/heres-why-jpm-stock-is-surging/,JPM stock surged on April 11 following a standout earnings quarter — but CEO Jamie Dimon issued a cautious outlook on the wider economy.,finbold.com,"['bac', 'c', 'gs', 'gsbd', 'gsf', 'gsj', 'jpm', 'jpm-ws', 'mhm', 'mpe']","['Financial Services', 'Jpm', 'Jpm Stock', 'Jpmorgan', 'Stock', 'Stocks', 'Unknown Sector']",2025-04-11 14:50:03+00:00,2025-04-11,heres jpm stock surging jpm stock surged april 11 following standout earnings quarter ceo jamie dimon issued cautious outlook wider economy
Is AMZN Stock Still A Growth Engine?,https://www.forbes.com/sites/greatspeculations/2025/03/28/is-amzn-stock-still-a-growth-engine/,"With 24% Annual Growth Rate, AWS Is Driving Amazon’s Expansion Amazon’s solid revenue growth is fueled by long-term trends in e-commerce, streaming, and digital advert...",forbes.com,"['aaic', 'ai', 'amzn', 'aws']","['Ai', 'Amazon', 'Amazon Stock', 'Amzn', 'Amzn Revenue', 'Amzn Valuation', 'Aws', 'Consumer Cyclical', 'Financial Services', 'Stock', 'Trump', 'Unknown Sector']",2025-03-28 11:00:00+00:00,2025-03-28,amzn stock still growth engine 24 annual growth rate aws driving amazons expansion amazons solid revenue growth fueled longterm trends ecommerce streaming digital advert
Why Is Microsoft (MSFT) Stock Soaring Today,https://stockstory.org/us/stocks/nasdaq/msft/news/why-up-down/why-is-microsoft-msft-stock-soaring-today,"Shares of tech giant Microsoft (NASDAQ:MSFT) jumped 10.4% in the morning session after the company reported strong first-quarter 2025 results, with revenue and operating income both beating Wall Street estimates, driven by surging demand for cloud and AI services, signaling resilient enterprise spend amid broader tech budget scrutiny. ",stockstory.org,"['msft', 'nvda']","['Stock', 'Stockstory', 'Technology', 'Tiingo Top', 'Why-It-Moves-Single']",2025-05-01 18:45:06+00:00,2025-05-01,microsoft msft stock soaring today shares tech giant microsoft nasdaqmsft jumped 104 morning session company reported strong firstquarter 2025 results revenue operating income beating wall street estimates driven surging demand cloud ai services signaling resilient enterprise spend amid broader tech budget scrutiny
Xreal debuts first glasses to run Google's Android XR operating system to take on Meta and Apple,https://www.cnbc.com/2025/05/20/google-io-xreal-debuts-project-aura-glasses-that-run-google-android-xr-.html,Xreal's launch is significant as Google tries to become a major operating system for virtual and augmented reality smart glasses and headsets.,cnbc.com,"['aapl', 'goog', 'googl', 'meta', 'meta', 'metv', 'qcom', 'snap']","['Business', 'Computing', 'ETF', 'Entertainment', 'Internet', 'Operating Systems', 'Stock', 'Technology', 'Virtual Reality Technology', 'Wireless']",2025-05-20 17:45:01+00:00,2025-05-20,xreal debuts first glasses run googles android xr operating system take meta apple xreals launch significant google tries become major operating system virtual augmented reality smart glasses headsets
What’s Driving AMZN Stock Higher?,https://www.forbes.com/sites/greatspeculations/2025/06/11/whats-driving-amzn-stock-higher/,But What Next? Is AMZN Stock A Buy At $220?,forbes.com,['tall'],"['Amazon', 'Amazon Stock', 'Amzn Margins', 'Amzn Revenue', 'Amzn Valuation', 'ETF', 'Google', 'Microsoft', 'Nasdaq Index', 'S&P 500', 'Stock', 'Unknown Sector']",2025-06-11 13:30:30+00:00,2025-06-11,whats driving amzn stock higher next amzn stock buy 220
"MSFT Stock: Weathering Tariffs, Winning With AI",https://www.forbes.com/sites/greatspeculations/2025/04/25/msft-stock-weathering-tariffs-winning-with-ai/,"However, this concern appears largely overblown as Microsoft's business model centers around Azure cloud services and software rather than hardware...",forbes.com,"['aaic', 'ai', 'msft']","['Ai', 'Azure', 'Cloud', 'Financial Services', 'Microsoft', 'Microsoft Stock', 'Msft', 'Msft Margins', 'Msft Revenue', 'Msft Valuation', 'Stock', 'Tariff', 'Technology', 'Unknown Sector']",2025-04-25 11:31:36+00:00,2025-04-25,msft stock weathering tariffs winning ai however concern appears largely overblown microsofts business model centers around azure cloud services software rather hardware
Should You Buy MSFT Stock At $380?,https://www.forbes.com/sites/greatspeculations/2025/03/11/should-you-buy-msft-stock-at-380/,"Microsoft (NASDAQ:MSFT) stock experienced a decline of over 3% on Monday, March 10, amid a broader Wall Street downturn.",forbes.com,['msft'],"['Market Crash', 'Microsoft', 'Microsoft Stock', 'Msft', 'Msft Revenue', 'Msft Valuation', 'Nasdaq', 'S&P500', 'Stock', 'Tariff', 'Technology', 'Tiingo Top', 'Trump']",2025-03-11 09:24:40+00:00,2025-03-11,buy msft stock 380 microsoft nasdaqmsft stock experienced decline 3 monday march 10 amid broader wall street downturn
Why Are Meta (META) Shares Soaring Today,https://stockstory.org/us/stocks/nasdaq/meta/news/why-up-down/why-are-meta-meta-shares-soaring-today,"Shares of social network operator Meta Platforms (NASDAQ:META)
 jumped 5.3% in the afternoon session after the major indices rebounded, with stocks recouping some more of the post-tariff losses as the Bureau of Labor Statistics data revealed a resilient labor market. Non-farm payrolls rose by 177,000 in April 2025, significantly above the consensus forecast of 133,000. ",stockstory.org,"['aapl', 'meta', 'msft']","['Stock', 'Stockstory', 'Technology', 'Tiingo Top', 'Why-It-Moves-Single']",2025-05-02 20:32:46+00:00,2025-05-02,meta meta shares soaring today shares social network operator meta platforms nasdaqmeta jumped 53 afternoon session major indices rebounded stocks recouping posttariff losses bureau labor statistics data revealed resilient labor market nonfarm payrolls rose 177000 april 2025 significantly consensus forecast 133000
GameStop (GME) Exceeds Market Returns: Some Facts to Consider,https://www.zacks.com/stock/news/2431091/gamestop-gme-exceeds-market-returns-some-facts-to-consider?cid=CS-ZC-FT-tale_of_the_tape%7Cyseop_template_6-2431091,"Pardon Our Interruption
As you were browsing something about your browser made us think you were a bot. There are a few reasons this might happen:
You've disabled JavaScript in your web browser.
You're a power user moving through this website with su",zacks.com,['gme'],"['Consumer Cyclical', 'Stock', 'Tale Of The Tape']",2025-03-17 21:45:14+00:00,2025-03-17,gamestop gme exceeds market returns facts consider pardon interruption browsing something browser made us think bot reasons might happen youve disabled javascript web browser youre power user moving website su
"Biggest stock movers Wednesday: GME, HUMA, and more (NASDAQ:HUMA)",https://seekingalpha.com/news/4425166-biggest-stock-movers-wednesday-gme-huma-and-more,"Biggest stock movers Wednesday: GME, HUMA, and more (NASDAQ:HUMA)",seekingalpha.com,['huma'],"['Stock', 'Unknown Sector']",2025-03-26 09:22:01+00:00,2025-03-26,biggest stock movers wednesday gme huma nasdaqhuma biggest stock movers wednesday gme huma nasdaqhuma
Should You Buy UNH Stock At $500?,https://www.forbes.com/sites/greatspeculations/2025/03/20/should-you-buy-unh-stock-at-500/,"UnitedHealth (NYSE:UNH) stock is up 5% in a week, following a recvoery in the broader markets, with the S&P 500 index rising 1.5% over this period.",forbes.com,['unh'],"['Health', 'Healthcare', 'Insurance', 'Medicaid', 'Medicare', 'Optum', 'Stock', 'Unh Revenue', 'Unh Valuation', 'Unitedhealth']",2025-03-20 15:08:10+00:00,2025-03-20,buy unh stock 500 unitedhealth nyseunh stock 5 week following recvoery broader markets sp 500 index rising 15 period
Why UnitedHealth (UNH) Stock Is Down Today,https://stockstory.org/us/stocks/nyse/unh/news/why-up-down/why-unitedhealth-unh-stock-is-down-today,"Shares of health insurance company UnitedHealth (NYSE:UNH)
 fell 16% in the afternoon session after the company announced the unexpected departure of its CEO, Andrew Witty, for personal reasons, leading to uncertainty in leadership as former CEO Stephen Hemsley returns. Also, it suspended its full-year 2025 financial outlook, citing a continued acceleration in care activity and higher-than-anticipated medical costs, particularly within its Medicare Advantage plans. ",stockstory.org,"['msft', 'unh']","['Healthcare', 'Stock', 'Stockstory', 'Technology', 'Tiingo Top', 'Why-It-Moves-Single']",2025-05-13 17:35:48+00:00,2025-05-13,unitedhealth unh stock today shares health insurance company unitedhealth nyseunh fell 16 afternoon session company announced unexpected departure ceo andrew witty personal reasons leading uncertainty leadership former ceo stephen hemsley returns also suspended fullyear 2025 financial outlook citing continued acceleration care activity higherthananticipated medical costs particularly within medicare advantage plans
