title,url,description,source,tickers,tags,published_at,cleaned_text
"Magnificent 7 Earnings: What to Expect (AMZN, AAPL, META and MSFT)",https://www.zacks.com/commentary/2459147/magnificent-7-earnings-what-to-expect-amzn-aapl-meta-and-msft?cid=CS-ZC-FT-investment_ideas-2459147,"Pardon Our Interruption
As you were browsing something about your browser made us think you were a bot. There are a few reasons this might happen:
You've disabled JavaScript in your web browser.
You're a power user moving through this website with su",zacks.com,"['aapl', 'amzn', 'meta', 'meta', 'metv', 'msft']","['Consumer Cyclical', 'ETF', 'Investment Ideas', 'Stock', 'Technology']",2025-04-30 14:35:00+00:00,magnificent 7 earnings expect amzn aapl meta msft pardon interruption browsing something browser made us think bot reasons might happen youve disabled javascript web browser youre power user moving website su
"SA analyst upgrades: TSLA, AAPL, NVDA, META, PLTR, ABBV, HUM, TGT",https://seekingalpha.com/news/4430194-sa-analyst-upgrades-tsla-aapl-nvda-meta-pltr-abbv-hum-tgt,"Seeking Alpha analysts issue upgrades for TSLA, AAPL, NVDA, META, PLTR, ABBV, HUM, COIN, TGT, ALB, CEG, ESTC and MDB. Read more here.",seekingalpha.com,[],[],2025-04-10 16:09:50+00:00,sa analyst upgrades tsla aapl nvda meta pltr abbv hum tgt seeking alpha analysts issue upgrades tsla aapl nvda meta pltr abbv hum coin tgt alb ceg estc mdb read
"Earnings week ahead: MSFT, AAPL, META, AMZN, QCOM, PFE, MA, V, PYPL, ROKU, MCD, KO",https://seekingalpha.com/news/4435596-earnings-week-ahead-msft-aapl-meta-amzn-qcom-pfe-ma-v-pypl-roku-mcd-sbux-ko-and-more,"Get ready for a pivotal week in the market as major players across tech, healthcare, finance, and energy release earnings.",seekingalpha.com,[],[],2025-04-27 12:03:33+00:00,earnings week ahead msft aapl meta amzn qcom pfe v pypl roku mcd ko get ready pivotal week market major players across tech healthcare finance energy release earnings
"SA Analyst Rating Downgrades: MSFT, TSLA, NVDA, ON, IIPR, PLAY, YETI",https://seekingalpha.com/news/4429498-sa-analyst-rating-downgrades-msft-tsla-nvda-on-iipr-play-yeti,"Seeking Alpha analysts have issued downgrades for Microsoft, Tesla, Nvidia, On Semiconductor, Innovative Industrial Properties, Dave and Buster's and Yeti. Read more here.",seekingalpha.com,"['msft', 'nvda']","['Stock', 'Technology']",2025-04-08 16:38:42+00:00,sa analyst rating downgrades msft tsla nvda iipr play yeti seeking alpha analysts issued downgrades microsoft tesla nvidia semiconductor innovative industrial properties dave busters yeti read
"Appaloosa trims AMZN, MSFT, QCOM, and adds to NRG, GLW, and UNH, among other Q1 moves",https://seekingalpha.com/news/4449323-appaloosa-trims-amzn-msft-qcom-and-adds-to-nrg-glw-and-unh-among-other-q1-moves,"Discover Appaloosa Management's position moves in Q1, according to its 13F filings",seekingalpha.com,[],[],2025-05-15 23:50:02+00:00,appaloosa trims amzn msft qcom adds nrg glw unh among q1 moves discover appaloosa managements position moves q1 according 13f filings
"Appaloosa drops AMZN, MSFT, QCOM, and adds to NRG, GLW, and UNH, among other Q1 moves",https://seekingalpha.com/news/4449323-appaloosa-drops-amzn-msft-qcom-and-adds-to-nrg-glw-and-unh-among-other-q1-moves,"Discover Appaloosa Management's position moves in Q1, according to its 13F filings",seekingalpha.com,[],[],2025-05-15 22:44:06+00:00,appaloosa drops amzn msft qcom adds nrg glw unh among q1 moves discover appaloosa managements position moves q1 according 13f filings
"AI Stocks Are Back (MSFT, NVDA, PLTR)",https://www.zacks.com/commentary/2466412/ai-stocks-are-back-msft-nvda-pltr?cid=CS-ZC-FT-investment_ideas-2466412,"Pardon Our Interruption
As you were browsing something about your browser made us think you were a bot. There are a few reasons this might happen:
You've disabled JavaScript in your web browser.
You're a power user moving through this website with su",zacks.com,"['msft', 'nvda', 'pltr']","['Investment Ideas', 'Stock', 'Technology', 'Unknown Sector']",2025-05-09 19:53:00+00:00,ai stocks back msft nvda pltr pardon interruption browsing something browser made us think bot reasons might happen youve disabled javascript web browser youre power user moving website su
"4 stocks to watch on Tuesday: GME, TSLA, SAVA and CCI",https://seekingalpha.com/news/4424735-4-stocks-to-watch-on-tuesday-gme-tsla-sava-and-cci,"GameStop (GME), Tesla (TSLA), Cassava Sciences (SAVA) and Crown Castle (CCI) were the stocks to watch on Tuesday. Read more here.",seekingalpha.com,['gme'],"['Consumer Cyclical', 'Stock']",2025-03-25 12:57:23+00:00,4 stocks watch tuesday gme tsla sava cci gamestop gme tesla tsla cassava sciences sava crown castle cci stocks watch tuesday read
These 2 Tech Titans Generate Substantial Cash: MSFT & AAPL,https://www.zacks.com/commentary/2481078/these-2-tech-titans-generate-substantial-cash-msft-aapl?cid=CS-ZC-FT-investment_ideas-2481078,"Pardon Our Interruption
As you were browsing something about your browser made us think you were a bot. There are a few reasons this might happen:
You've disabled JavaScript in your web browser.
You're a power user moving through this website with su",zacks.com,"['aapl', 'msft']","['Investment Ideas', 'Stock', 'Technology']",2025-06-03 18:00:00+00:00,2 tech titans generate substantial cash msft aapl pardon interruption browsing something browser made us think bot reasons might happen youve disabled javascript web browser youre power user moving website su
"AAPL, NVDA – The two biggest companies are the 2 biggest losers in the Dow",https://seekingalpha.com/news/4429439-aapl-nvda-the-two-biggest-companies-are-the-2-biggest-losers-in-the-dow,"Nine Dow stocks lost over 20% YTD, including Apple & Nvidia. Explore the 15 worst performers and insights into their declines.",seekingalpha.com,[],[],2025-04-08 13:30:29+00:00,aapl nvda two biggest companies 2 biggest losers dow nine dow stocks lost 20 ytd including apple nvidia explore 15 worst performers insights declines
"SA analyst downgrades: AAPL, NVDA, MMM, CURLF, GTBIF, RJF",https://seekingalpha.com/news/4432888-sa-analyst-downgrades-aapl-nvda-mmm-curlf-gtbif-rjf,"Seeking Alpha analysts have issued stock rating downgrades for Apple, Nvidia, 3M, Curaleaf, Green Thumb and Raymond James. Read more here.",seekingalpha.com,['nvda'],"['Stock', 'Technology']",2025-04-21 18:14:13+00:00,sa analyst downgrades aapl nvda mmm curlf gtbif rjf seeking alpha analysts issued stock rating downgrades apple nvidia 3m curaleaf green thumb raymond james read
"4 stocks to watch on Friday: AAPL, AMZN, BAH and CPRT (BAH:NYSE)",https://seekingalpha.com/news/4451996-4-stocks-to-watch-on-friday-aapl-amzn-bah-and-cprt,"Apple (AAPL), Amazon (AMZN), Booz Allen (BAH) and Copart (CPRT) are the stocks to watch on Friday. Read more here.",seekingalpha.com,['cprt'],"['Consumer Cyclical', 'Stock']",2025-05-23 13:22:02+00:00,4 stocks watch friday aapl amzn bah cprt bahnyse apple aapl amazon amzn booz allen bah copart cprt stocks watch friday read
"Biggest stock movers Friday: AMZN, AAPl, RDDT, and more (NASDAQ:ROKU)",https://seekingalpha.com/news/4439944-biggest-stock-movers-friday-amzn-aapl-rddt-and-more,"Stock futures rose Friday morning ahead of the U.S. jobs report, supported by news that China is exploring renewed trade talks with the U.S., fueling hopes for",seekingalpha.com,['roku'],"['China', 'Communication Services', 'Stock']",2025-05-02 09:20:14+00:00,biggest stock movers friday amzn aapl rddt nasdaqroku stock futures rose friday morning ahead us jobs report supported news china exploring renewed trade talks us fueling hopes
"SA analyst upgrades: NVDA, MSFT, AMD, SBUX, ABNB, U, ADI",https://seekingalpha.com/news/4452661-sa-analyst-upgrades-nvda-msft-amd-sbux-abnb-u-adi,"Seeking Alpha analysts have issued stock rating upgrades for NVDA, MSFT, AMD, ADI, SBUX, ABNB, RKLB, U, FI, BEP, OVV, TEAM, HES and URBN. Read more here.",seekingalpha.com,[],[],2025-05-27 19:41:36+00:00,sa analyst upgrades nvda msft amd sbux abnb u adi seeking alpha analysts issued stock rating upgrades nvda msft amd adi sbux abnb rklb u fi bep ovv team hes urbn read
"SA analyst upgrades: TSLA, MSFT, AMD, PLTR, VRTX, ONON, CB",https://seekingalpha.com/news/4443323-sa-analyst-upgrades-tsla-msft-amd-pltr-vrtx-onon-cb,"Explore recent stock upgrades by Seeking Alpha: TSLA, MSFT, AMD & more! Discover insights and investment strategies for outperforming the market.",seekingalpha.com,[],[],2025-05-07 16:07:34+00:00,sa analyst upgrades tsla msft amd pltr vrtx onon cb explore recent stock upgrades seeking alpha tsla msft amd discover insights investment strategies outperforming market
"Biggest stock movers Thursday: MSFT, META, and more (NASDAQ:META)",https://seekingalpha.com/news/4438726-biggest-stock-movers-thursday-msft-meta-and-more,"Stock futures ticked higher early Thursday, buoyed by strong earnings from Microsoft and Meta, two key members of the ""Magnificent Seven."" Here are some of Thur",seekingalpha.com,"['meta', 'msft']","['Stock', 'Technology']",2025-05-01 09:01:23+00:00,biggest stock movers thursday msft meta nasdaqmeta stock futures ticked higher early thursday buoyed strong earnings microsoft meta two key members magnificent seven thur
"Buy, Sell, or Hold These Mag 7 Stocks After Earnings: AAPL, AMZN",https://www.zacks.com/stock/news/2462427/buy-sell-or-hold-these-mag-7-stocks-after-earnings-aapl-amzn?cid=CS-ZC-FT-stocks_in_the_news-2462427,"Pardon Our Interruption
As you were browsing something about your browser made us think you were a bot. There are a few reasons this might happen:
You've disabled JavaScript in your web browser.
You're a power user moving through this website with su",zacks.com,"['aapl', 'amzn', 'meta', 'meta', 'metv', 'msft']","['Consumer Cyclical', 'ETF', 'Stock', 'Stocks In The News', 'Technology']",2025-05-05 20:18:00+00:00,buy sell hold mag 7 stocks earnings aapl amzn pardon interruption browsing something browser made us think bot reasons might happen youve disabled javascript web browser youre power user moving website su
"4 stocks to watch on Wednesday: MSFT, META, QCOM and CAT",https://seekingalpha.com/news/4437753-4-stocks-to-watch-on-wednesday-msft-meta-qcom-and-cat,"Microsoft (MSFT), Meta (META), Qualcomm (QCOM), and Caterpillar (CAT) are the stocks to watch on Wednesday. Read more here.",seekingalpha.com,"['cat', 'msft']","['Industrials', 'Stock', 'Technology']",2025-04-30 13:15:21+00:00,4 stocks watch wednesday msft meta qcom cat microsoft msft meta meta qualcomm qcom caterpillar cat stocks watch wednesday read
"Investors steadfast in buying NVDA, TSLA, market dips during tumultuous trade: IBKR",https://seekingalpha.com/news/4419598-investors-steadfast-in-buying-nvda-tsla-market-dips-during-tumultuous-trade-ibkr,"Investors appeared committed to buying dips in Nvidia, Tesla, and other assets during tumultuous trading recently, IBKR says.",seekingalpha.com,['nvda'],"['Stock', 'Technology']",2025-03-12 12:00:54+00:00,investors steadfast buying nvda tsla market dips tumultuous trade ibkr investors appeared committed buying dips nvidia tesla assets tumultuous trading recently ibkr says
"GOOGL, META, MSFT: 3 Promising AI Giants With Attractive Valuations",https://www.zacks.com/stock/news/2466864/googl-meta-msft-3-promising-ai-giants-with-attractive-valuations?cid=CS-ZC-FT-analyst_blog%7Cinvestment_ideas-2466864,"Pardon Our Interruption
As you were browsing something about your browser made us think you were a bot. There are a few reasons this might happen:
You've disabled JavaScript in your web browser.
You're a power user moving through this website with su",zacks.com,"['googl', 'meta', 'meta', 'metv', 'msft']","['Analyst Blog', 'ETF', 'Stock', 'Technology']",2025-05-12 13:08:00+00:00,googl meta msft 3 promising ai giants attractive valuations pardon interruption browsing something browser made us think bot reasons might happen youve disabled javascript web browser youre power user moving website su
"SA analyst downgrades: TSLA, AAPL, T, PG, HPE, GILD, LRCX, ARCC",https://seekingalpha.com/news/4436428-sa-analyst-downgrades-tsla-aapl-t-pg-hpe-gild-lrcx-arcc,"Seeking Alpha analysts have issued stock rating downgrades for TSLA, T, PG, HPE, AAPL, GILD, LRCX, ARCC, LULU, NWL, SUN, TYL and KNX. Read more here.",seekingalpha.com,[],[],2025-04-28 18:27:06+00:00,sa analyst downgrades tsla aapl pg hpe gild lrcx arcc seeking alpha analysts issued stock rating downgrades tsla pg hpe aapl gild lrcx arcc lulu nwl sun tyl knx read
"SA analyst upgrades: AAPL, META, AMD, SMCI, PTON (AAPL:NASDAQ)",https://seekingalpha.com/news/4448969-sa-analyst-upgrades-aapl-meta-amd-smci-pton,"Seeking Alpha analysts have issued stock rating upgrades for Apple, Meta, AMD, Super Micro Computer and Peloton. Read more here.",seekingalpha.com,[],[],2025-05-15 15:44:46+00:00,sa analyst upgrades aapl meta amd smci pton aaplnasdaq seeking alpha analysts issued stock rating upgrades apple meta amd super micro computer peloton read
"5 stocks to watch on Wednesday: AAPL, META, BA, T and PM (BA:NYSE)",https://seekingalpha.com/news/4433960-5-stocks-to-watch-on-wednesday-aapl-meta-ba-t-and-pm,"Apple (AAPL), Meta (META), Boeing (BA), AT&T (T) and Philip Morris (PM) are the stocks to watch on Wednesday. Read more here.",seekingalpha.com,"['ba', 't']","['Communication Services', 'Industrials', 'Stock']",2025-04-23 13:19:01+00:00,5 stocks watch wednesday aapl meta ba pm banyse apple aapl meta meta boeing ba att philip morris pm stocks watch wednesday read
"Big Tech Discounts Investors Can Buy Now (GOOGL, AMZN, META)",https://www.zacks.com/commentary/2427504/big-tech-discounts-investors-can-buy-now-googl-amzn-meta?cid=CS-ZC-FT-investment_ideas-2427504,"Yes market corrections are scary, but they also create opportunity. Amazon, Alphabet and Meta Platforms are now trading at historical discounts",zacks.com,"['amzn', 'goog', 'googl', 'meta', 'meta', 'metv']","['Consumer Cyclical', 'ETF', 'Investment Ideas', 'Stock', 'Technology']",2025-03-07 19:33:00+00:00,big tech discounts investors buy googl amzn meta yes market corrections scary also create opportunity amazon alphabet meta platforms trading historical discounts
"Buy AMZN, META, and Other Tech Stocks Now or Wait for a Bigger Dip?",https://www.zacks.com/commentary/2426915/buy-amzn-meta-and-other-tech-stocks-now-or-wait-for-a-bigger-dip?cid=CS-ZC-FT-investment_ideas-2426915,Stock market euphoria is gone. Does that mean it's time to buy tech stocks on the dip or wait for more selling?,zacks.com,"['amzn', 'meta', 'meta', 'metv', 'nvda']","['Consumer Cyclical', 'ETF', 'Investment Ideas', 'Stock', 'Technology']",2025-03-07 12:00:00+00:00,buy amzn meta tech stocks wait bigger dip stock market euphoria gone mean time buy tech stocks dip wait selling
"SA analyst upgrades: GOOG, META, TSLA, UBER, ANET, OKLO, OMF",https://seekingalpha.com/news/4439250-sa-analyst-upgrades-goog-meta-tsla-uber-anet-oklo-omf,"Seeking Alpha analysts have issued stock rating upgrades for GOOG, GOOGL, META, TSLA, UBER, ANET, OKLO and OMF. Read more here.",seekingalpha.com,[],[],2025-05-01 16:42:55+00:00,sa analyst upgrades goog meta tsla uber anet oklo omf seeking alpha analysts issued stock rating upgrades goog googl meta tsla uber anet oklo omf read
"SA analyst downgrades: META, TSLA, MRK, BABA, UBER, CRWD, DKNG",https://seekingalpha.com/news/4451825-sa-analyst-downgrades-meta-tsla-mrk-baba-uber-crwd-dkng,"Seeking Alpha analysts have issued stock rating downgrades for Meta, Tesla, Merck, Alibaba, Uber, CrowdStrike and DraftKings. Read more here.",seekingalpha.com,"['baba', 'mkgaf', 'mrk']","['Consumer Cyclical', 'Healthcare', 'Stock', 'Unknown Sector']",2025-05-22 20:26:51+00:00,sa analyst downgrades meta tsla mrk baba uber crwd dkng seeking alpha analysts issued stock rating downgrades meta tesla merck alibaba uber crowdstrike draftkings read
"SA analyst upgrades: NVDA, BABA, C, BA, SWKS, DVAX (NVDA:NASDAQ)",https://seekingalpha.com/news/4451785-sa-analyst-upgrades-nvda-baba-c-ba-swks-dvax,"Seeking Alpha analysts have issued stock rating upgrades for Nvidia, Alibaba, Citigroup, Boeing, Skyworks and Dynavax. Read more here.",seekingalpha.com,"['ba', 'baba', 'c', 'dvax', 'nvda', 'swks']","['Consumer Cyclical', 'Financial Services', 'Healthcare', 'Industrials', 'Stock', 'Technology']",2025-05-22 19:56:43+00:00,sa analyst upgrades nvda baba c ba swks dvax nvdanasdaq seeking alpha analysts issued stock rating upgrades nvidia alibaba citigroup boeing skyworks dynavax read
Bull of the Day: GameStop (GME),https://www.zacks.com/commentary/2448073/bull-of-the-day-gamestop-gme?cid=CS-ZC-FT-bull_of_the_day-2448073,"Pardon Our Interruption
As you were browsing something about your browser made us think you were a bot. There are a few reasons this might happen:
You've disabled JavaScript in your web browser.
You're a power user moving through this website with su",zacks.com,['gme'],"['Bull Of The Day', 'Consumer Cyclical', 'Stock']",2025-04-14 09:00:00+00:00,bull day gamestop gme pardon interruption browsing something browser made us think bot reasons might happen youve disabled javascript web browser youre power user moving website su
"Earnings week ahead: BAC, GS, JNJ, TSM, UNH, ABT, UAL, C, NFLX and more (C:NYSE)",https://seekingalpha.com/news/4430039-earnings-week-ahead-bac-gs-jnj-tsm-unh-abt-ual-c-nflx-and-more,"Earnings week ahead: BAC, GS, JNJ, TSM, UNH, ABT, UAL, C, NFLX and more",seekingalpha.com,[],[],2025-04-13 12:02:40+00:00,earnings week ahead bac gs jnj tsm unh abt ual c nflx cnyse earnings week ahead bac gs jnj tsm unh abt ual c nflx
Will UNH Stock Rebound?,https://www.forbes.com/sites/greatspeculations/2025/05/26/will-unh-stock-rebound/,This represents one of the steepest daily selloffs in the stock’s history and brings UNH to levels not seen in five years. ,forbes.com,[],"['Unh Revenue', 'Unitedhealth']",2025-05-26 11:00:49+00:00,unh stock rebound represents one steepest daily selloffs stocks history brings unh levels seen five years
Buy MSFT Stock At $400?,https://www.forbes.com/sites/greatspeculations/2025/04/14/buy-msft-stock-at-400/,This growth gap indicates a more promising return outlook for Microsoft shareholders.,forbes.com,"['aaic', 'ai', 'msft']","['Ai', 'China', 'Financial Services', 'Ibm', 'Ibm Revenue', 'Ibm Stock', 'Microsoft', 'Microsoft Stock', 'Msft Revenue', 'Stock', 'Tariffs', 'Technology', 'Unknown Sector']",2025-04-14 12:00:19+00:00,buy msft stock 400 growth gap indicates promising return outlook microsoft shareholders
Bull Of The Day: Microsoft (MSFT),https://www.zacks.com/commentary/2467229/bull-of-the-day-microsoft-msft?cid=CS-ZC-FT-bull_of_the_day-2467229,"Pardon Our Interruption
As you were browsing something about your browser made us think you were a bot. There are a few reasons this might happen:
You've disabled JavaScript in your web browser.
You're a power user moving through this website with su",zacks.com,['msft'],"['Bull Of The Day', 'Stock', 'Technology']",2025-05-13 11:09:00+00:00,bull day microsoft msft pardon interruption browsing something browser made us think bot reasons might happen youve disabled javascript web browser youre power user moving website su
Buy MSFT Stock At $460?,https://www.forbes.com/sites/greatspeculations/2025/05/30/buy-msft-stock-at-460/,"However, following its recent ascent, is MSFT stock still worth buying? Yes, we believe that MSFT stock, which is currently priced around $460...",forbes.com,"['aaic', 'ai']","['Ai', 'Azure', 'Cloud', 'Financial Services', 'Microsoft', 'Microsoft Stock', 'Msft Margins', 'Msft Revenue', 'Msft Valuation', 'S&P500', 'Stock', 'Unknown Sector']",2025-05-30 13:45:26+00:00,buy msft stock 460 however following recent ascent msft stock still worth buying yes believe msft stock currently priced around 460
NVDA Stock Overvalued At $140?,https://www.forbes.com/sites/greatspeculations/2025/05/29/nvda-stock-overvalued-at-140/,Will Nvidia's growth continue?,forbes.com,"['nvda', 'tall']","['ETF', 'Markets', 'Nasdaq', 'Nvda Earnings', 'Nvda Revenue', 'Nvda Valuation', 'Nvidia', 'Nvidia Revenue', 'Nvidia Stock', 'S&P 500', 'Stock', 'Technology', 'Tiingo Top', 'Unknown Sector']",2025-05-29 09:00:16+00:00,nvda stock overvalued 140 nvidias growth continue
Will GameStop (GME) Gain on Rising Earnings Estimates?,https://www.zacks.com/stock/news/2442115/will-gamestop-gme-gain-on-rising-earnings-estimates?cid=CS-ZC-FT-tale_of_the_tape%7Cyseop_template_8-2442115,"Pardon Our Interruption
As you were browsing something about your browser made us think you were a bot. There are a few reasons this might happen:
You've disabled JavaScript in your web browser.
You're a power user moving through this website with su",zacks.com,['gme'],"['Consumer Cyclical', 'Stock', 'Tale Of The Tape']",2025-04-08 16:20:01+00:00,gamestop gme gain rising earnings estimates pardon interruption browsing something browser made us think bot reasons might happen youve disabled javascript web browser youre power user moving website su
Bull of the Day: NVIDIA (NVDA),https://www.zacks.com/commentary/2431038/bull-of-the-day-nvidia-nvda?cid=CS-ZC-FT-bull_of_the_day-2431038,Today Jensen will unveil more wonders from his magic shop at 10am PDT. Learn about DIGITS here first!,zacks.com,['nvda'],"['Bull Of The Day', 'Stock', 'Technology']",2025-03-18 09:20:00+00:00,bull day nvidia nvda today jensen unveil wonders magic shop 10am pdt learn digits first
Is NVDA Stock A Bargain At $110?,https://www.forbes.com/sites/greatspeculations/2025/04/11/is-nvda-stock-a-bargain-at-110/,"Margins: Nvidia maintains profit margins above 60% , allowing more of its revenue growth to convert into profits.",forbes.com,['nvda'],"['Microsoft', 'Msft Revenue', 'Msft Stock', 'Nvda', 'Nvda Margins', 'Nvda Revenue', 'Nvda Valuation', 'Nvidia', 'Stock', 'Tariffs', 'Technology', 'Trump']",2025-04-11 09:45:00+00:00,nvda stock bargain 110 margins nvidia maintains profit margins 60 allowing revenue growth convert profits
Time To Buy AMZN Stock?,https://www.forbes.com/sites/greatspeculations/2025/06/05/time-to-buy-amzn-stock/,"The stock has seen a nice jump lately, climbing 24% from around $167 on April 21 to $208 now. This rally seems to be fueled by the broader...",forbes.com,"['aws', 'tall']","['Amazon', 'Amazon Stock', 'Amzn Revenue', 'Amzn Valuation', 'Aws', 'ETF', 'Google', 'Markets', 'Microsoft', 'S&P 500', 'Stock', 'Tiingo Top', 'Unknown Sector']",2025-06-05 13:47:13+00:00,time buy amzn stock stock seen nice jump lately climbing 24 around 167 april 21 208 rally seems fueled broader
What’s Happening With AMZN Stock?,https://www.forbes.com/sites/greatspeculations/2025/04/24/whats-happening-with-amzn-stock/,Seems like folks are getting a little worried about how tariffs might mess with their business.,forbes.com,"['aaic', 'ai', 'aws']","['Ai', 'Amazon', 'Amazon Earnings', 'Amazon Stock', 'Amzn Margins', 'Amzn Revenue', 'Aws', 'Financial Services', 'Recession', 'Stock', 'Tariffs', 'Trump', 'Unknown Sector']",2025-04-24 12:29:08+00:00,whats happening amzn stock seems like folks getting little worried tariffs might mess business
Why GameStop (GME) Shares Are Trading Lower Today,https://stockstory.org/us/stocks/nyse/gme/news/why-up-down/why-gamestop-gme-shares-are-trading-lower-today-3,"Shares of video game retailer GameStop (NYSE:GME)
 fell 11.4% in the morning session after the company announced its first purchase of Bitcoin (4,710 Bitcoin) valued at more than $500m. The purchase was announced on a day when crypto assets were losing momentum. ",stockstory.org,"['gme', 'msft']","['Consumer Cyclical', 'CryptoCurrency', 'Stock', 'Stockstory', 'Technology', 'Tiingo Top', 'Why-It-Moves-Single']",2025-05-28 15:31:51+00:00,gamestop gme shares trading lower today shares video game retailer gamestop nysegme fell 114 morning session company announced first purchase bitcoin 4710 bitcoin valued 500m purchase announced day crypto assets losing momentum
Is Trending Stock GameStop Corp. (GME) a Buy Now?,https://www.zacks.com/stock/news/2453471/is-trending-stock-gamestop-corp-gme-a-buy-now?cid=CS-ZC-FT-tale_of_the_tape%7Cmost_searched_stocks-2453471,"Pardon Our Interruption
As you were browsing something about your browser made us think you were a bot. There are a few reasons this might happen:
You've disabled JavaScript in your web browser.
You're a power user moving through this website with su",zacks.com,['gme'],"['Consumer Cyclical', 'Stock', 'Tale Of The Tape']",2025-04-23 13:00:12+00:00,trending stock gamestop corp gme buy pardon interruption browsing something browser made us think bot reasons might happen youve disabled javascript web browser youre power user moving website su
Why Is GameStop (GME) Stock Rocketing Higher Today,https://stockstory.org/us/stocks/nyse/gme/news/why-up-down/why-is-gamestop-gme-stock-rocketing-higher-today-2,"Shares of video game retailer GameStop (NYSE:GME) jumped 7.8% in the afternoon session after stocks tied to digital assets surged as Bitcoin, the world's largest cryptocurrency by market cap, reached a new all-time high, edging past the $110,000 mark. ",stockstory.org,['gme'],"['Consumer Cyclical', 'CryptoCurrency', 'Stock', 'Stockstory', 'Tiingo Top', 'Why-It-Moves-Single']",2025-05-22 20:48:31+00:00,gamestop gme stock rocketing higher today shares video game retailer gamestop nysegme jumped 78 afternoon session stocks tied digital assets surged bitcoin worlds largest cryptocurrency market cap reached new alltime high edging past 110000 mark
"Executive reshuffles: UNH, ISRG, and NVO",https://seekingalpha.com/news/4449901-executive-reshuffles-unh-isrg-and-nvo,"Discover the latest executive changes across major companies like UnitedHealth, Intuitive, Novo Nordisk, and more.",seekingalpha.com,"['nvo', 'unh']","['Healthcare', 'Stock']",2025-05-18 18:59:14+00:00,executive reshuffles unh isrg nvo discover latest executive changes across major companies like unitedhealth intuitive novo nordisk
What Sparked UNH Stock Crash?,https://www.forbes.com/sites/greatspeculations/2025/05/27/what-sparked-unh-stock-crash/,"UnitedHealth Group’s stock has dropped a lot, over 50% since April. But, what caused this big fall?",forbes.com,['unh'],"['Health Insurance', 'Healthcare', 'Medicare', 'Stock', 'Unh Revenue', 'Unh Valuation', 'Unitedhealth Group', 'Unitedhealth Stock', 'Unitedheatlh']",2025-05-27 12:18:30+00:00,sparked unh stock crash unitedhealth groups stock dropped lot 50 since april caused big fall
Why UnitedHealth (UNH) Stock Is Nosediving,https://stockstory.org/us/stocks/nyse/unh/news/why-up-down/why-unitedhealth-unh-stock-is-nosediving,"Shares of health insurance company UnitedHealth (NYSE:UNH) fell 5.5% in the afternoon session after HSBC analysts downgraded the stock's rating from Neutral to Sell, adding that the recent sell-off had yet to provide a cheap opportunity to buy. The analysts also cited key reasons for the concerns, including ""higher medical costs, political pressure on drug prices, and lower overall profitability ahead, especially if there are cuts to Medicaid spending."". ",stockstory.org,['unh'],"['Healthcare', 'Stock', 'Stockstory', 'Tiingo Top', 'Why-It-Moves-Single']",2025-05-21 20:09:39+00:00,unitedhealth unh stock nosediving shares health insurance company unitedhealth nyseunh fell 55 afternoon session hsbc analysts downgraded stocks rating neutral sell adding recent selloff yet provide cheap opportunity buy analysts also cited key reasons concerns including higher medical costs political pressure drug prices lower overall profitability ahead especially cuts medicaid spending
Is Nvidia (NVDA) stock a buy now?,https://finbold.com/is-nvidia-nvda-stock-a-buy-now-2/,"For long-term investors, the dip could present a strategic buying opportunity as Nvidia's AI dominance remains strong. However, short-term traders should watch technical levels and macroeconomic trends, which could keep NVDA stock under pressure in the near term.",finbold.com,"['amzn', 'meta', 'nvda']","['Consumer Cyclical', 'CryptoCurrency', 'Nvda', 'Nvidia', 'Stock', 'Stocks', 'Technology']",2025-03-12 10:34:50+00:00,nvidia nvda stock buy longterm investors dip could present strategic buying opportunity nvidias ai dominance remains strong however shortterm traders watch technical levels macroeconomic trends could keep nvda stock pressure near term
Is UNH Stock Now A Falling Knife?,https://www.forbes.com/sites/greatspeculations/2025/05/15/is-unh-stock-now-a-falling-knife/,"Its rapid stock price decline has led many investors to now view it as a ""falling knife,"" a term for an asset in sharp descent that carries the risk of further losses ...",forbes.com,[],"['Fraud', 'Medicare', 'Optum', 'Stock', 'Unh Revenue', 'Unh Valuation', 'Unitedhealthcare']",2025-05-15 11:17:17+00:00,unh stock falling knife rapid stock price decline led many investors view falling knife term asset sharp descent carries risk losses
Is GameStop (GME) A 'Buy' Heading into Q1 Earnings Announcement?,https://www.zacks.com/stock/news/2487593/is-gamestop-gme-a-buy-heading-into-q1-earnings-announcement?cid=CS-ZC-FT-video_blog-2487593,"Pardon Our Interruption
As you were browsing something about your browser made us think you were a bot. There are a few reasons this might happen:
You've disabled JavaScript in your web browser.
You're a power user moving through this website with su",zacks.com,['gme'],"['Consumer Cyclical', 'Cryptocurrency', 'Stock', 'Video Blog']",2025-06-06 15:25:00+00:00,gamestop gme buy heading q1 earnings announcement pardon interruption browsing something browser made us think bot reasons might happen youve disabled javascript web browser youre power user moving website su
UNH Stock Vs. CVS Stock,https://www.forbes.com/sites/greatspeculations/2025/05/15/unh-stock-vs-cvs-stock/,Health insurance companies have been in the limelight lately after UnitedHealthcare suspended its guidance for the full year citing higher medical costs.,forbes.com,[],"['Cvs', 'Cvs Revenue', 'Cvs Stock', 'Cvs Valuation', 'Optum', 'Unh Valuation', 'Unitedhealthcare']",2025-05-15 14:59:43+00:00,unh stock vs cvs stock health insurance companies limelight lately unitedhealthcare suspended guidance full year citing higher medical costs
UiPath (PATH) and GameStop (GME) Are Aggressive Growth Stocks,https://www.zacks.com/stock/news/2455461/uipath-path-and-gamestop-gme-are-aggressive-growth-stocks?cid=CS-ZC-FT-video_blog-2455461,"Pardon Our Interruption
As you were browsing something about your browser made us think you were a bot. There are a few reasons this might happen:
You've disabled JavaScript in your web browser.
You're a power user moving through this website with su",zacks.com,"['gme', 'path', 'path']","['Consumer Cyclical', 'Stock', 'Unknown Sector', 'Video Blog']",2025-04-24 22:33:00+00:00,uipath path gamestop gme aggressive growth stocks pardon interruption browsing something browser made us think bot reasons might happen youve disabled javascript web browser youre power user moving website su
Is AMZN Stock Still A Growth Engine?,https://www.forbes.com/sites/greatspeculations/2025/03/28/is-amzn-stock-still-a-growth-engine/,"With 24% Annual Growth Rate, AWS Is Driving Amazon’s Expansion Amazon’s solid revenue growth is fueled by long-term trends in e-commerce, streaming, and digital advert...",forbes.com,"['aaic', 'ai', 'amzn', 'aws']","['Ai', 'Amazon', 'Amazon Stock', 'Amzn', 'Amzn Revenue', 'Amzn Valuation', 'Aws', 'Consumer Cyclical', 'Financial Services', 'Stock', 'Trump', 'Unknown Sector']",2025-03-28 11:00:00+00:00,amzn stock still growth engine 24 annual growth rate aws driving amazons expansion amazons solid revenue growth fueled longterm trends ecommerce streaming digital advert
Here’s why JPM stock is surging,https://finbold.com/heres-why-jpm-stock-is-surging/,JPM stock surged on April 11 following a standout earnings quarter — but CEO Jamie Dimon issued a cautious outlook on the wider economy.,finbold.com,"['bac', 'c', 'gs', 'gsbd', 'gsf', 'gsj', 'jpm', 'jpm-ws', 'mhm', 'mpe']","['Financial Services', 'Jpm', 'Jpm Stock', 'Jpmorgan', 'Stock', 'Stocks', 'Unknown Sector']",2025-04-11 14:50:03+00:00,heres jpm stock surging jpm stock surged april 11 following standout earnings quarter ceo jamie dimon issued cautious outlook wider economy
Why Is Microsoft (MSFT) Stock Soaring Today,https://stockstory.org/us/stocks/nasdaq/msft/news/why-up-down/why-is-microsoft-msft-stock-soaring-today,"Shares of tech giant Microsoft (NASDAQ:MSFT) jumped 10.4% in the morning session after the company reported strong first-quarter 2025 results, with revenue and operating income both beating Wall Street estimates, driven by surging demand for cloud and AI services, signaling resilient enterprise spend amid broader tech budget scrutiny. ",stockstory.org,"['msft', 'nvda']","['Stock', 'Stockstory', 'Technology', 'Tiingo Top', 'Why-It-Moves-Single']",2025-05-01 18:45:06+00:00,microsoft msft stock soaring today shares tech giant microsoft nasdaqmsft jumped 104 morning session company reported strong firstquarter 2025 results revenue operating income beating wall street estimates driven surging demand cloud ai services signaling resilient enterprise spend amid broader tech budget scrutiny
"MSFT Stock: Weathering Tariffs, Winning With AI",https://www.forbes.com/sites/greatspeculations/2025/04/25/msft-stock-weathering-tariffs-winning-with-ai/,"However, this concern appears largely overblown as Microsoft's business model centers around Azure cloud services and software rather than hardware...",forbes.com,"['aaic', 'ai', 'msft']","['Ai', 'Azure', 'Cloud', 'Financial Services', 'Microsoft', 'Microsoft Stock', 'Msft', 'Msft Margins', 'Msft Revenue', 'Msft Valuation', 'Stock', 'Tariff', 'Technology', 'Unknown Sector']",2025-04-25 11:31:36+00:00,msft stock weathering tariffs winning ai however concern appears largely overblown microsofts business model centers around azure cloud services software rather hardware
Why Are Meta (META) Shares Soaring Today,https://stockstory.org/us/stocks/nasdaq/meta/news/why-up-down/why-are-meta-meta-shares-soaring-today,"Shares of social network operator Meta Platforms (NASDAQ:META)
 jumped 5.3% in the afternoon session after the major indices rebounded, with stocks recouping some more of the post-tariff losses as the Bureau of Labor Statistics data revealed a resilient labor market. Non-farm payrolls rose by 177,000 in April 2025, significantly above the consensus forecast of 133,000. ",stockstory.org,"['aapl', 'meta', 'msft']","['Stock', 'Stockstory', 'Technology', 'Tiingo Top', 'Why-It-Moves-Single']",2025-05-02 20:32:46+00:00,meta meta shares soaring today shares social network operator meta platforms nasdaqmeta jumped 53 afternoon session major indices rebounded stocks recouping posttariff losses bureau labor statistics data revealed resilient labor market nonfarm payrolls rose 177000 april 2025 significantly consensus forecast 133000
GameStop (GME) Exceeds Market Returns: Some Facts to Consider,https://www.zacks.com/stock/news/2431091/gamestop-gme-exceeds-market-returns-some-facts-to-consider?cid=CS-ZC-FT-tale_of_the_tape%7Cyseop_template_6-2431091,"Pardon Our Interruption
As you were browsing something about your browser made us think you were a bot. There are a few reasons this might happen:
You've disabled JavaScript in your web browser.
You're a power user moving through this website with su",zacks.com,['gme'],"['Consumer Cyclical', 'Stock', 'Tale Of The Tape']",2025-03-17 21:45:14+00:00,gamestop gme exceeds market returns facts consider pardon interruption browsing something browser made us think bot reasons might happen youve disabled javascript web browser youre power user moving website su
Should You Buy MSFT Stock At $380?,https://www.forbes.com/sites/greatspeculations/2025/03/11/should-you-buy-msft-stock-at-380/,"Microsoft (NASDAQ:MSFT) stock experienced a decline of over 3% on Monday, March 10, amid a broader Wall Street downturn.",forbes.com,['msft'],"['Market Crash', 'Microsoft', 'Microsoft Stock', 'Msft', 'Msft Revenue', 'Msft Valuation', 'Nasdaq', 'S&P500', 'Stock', 'Tariff', 'Technology', 'Tiingo Top', 'Trump']",2025-03-11 09:24:40+00:00,buy msft stock 380 microsoft nasdaqmsft stock experienced decline 3 monday march 10 amid broader wall street downturn
"Biggest stock movers Wednesday: GME, HUMA, and more (NASDAQ:HUMA)",https://seekingalpha.com/news/4425166-biggest-stock-movers-wednesday-gme-huma-and-more,"Biggest stock movers Wednesday: GME, HUMA, and more (NASDAQ:HUMA)",seekingalpha.com,['huma'],"['Stock', 'Unknown Sector']",2025-03-26 09:22:01+00:00,biggest stock movers wednesday gme huma nasdaqhuma biggest stock movers wednesday gme huma nasdaqhuma
Should You Buy UNH Stock At $500?,https://www.forbes.com/sites/greatspeculations/2025/03/20/should-you-buy-unh-stock-at-500/,"UnitedHealth (NYSE:UNH) stock is up 5% in a week, following a recvoery in the broader markets, with the S&P 500 index rising 1.5% over this period.",forbes.com,['unh'],"['Health', 'Healthcare', 'Insurance', 'Medicaid', 'Medicare', 'Optum', 'Stock', 'Unh Revenue', 'Unh Valuation', 'Unitedhealth']",2025-03-20 15:08:10+00:00,buy unh stock 500 unitedhealth nyseunh stock 5 week following recvoery broader markets sp 500 index rising 15 period
Why UnitedHealth (UNH) Stock Is Down Today,https://stockstory.org/us/stocks/nyse/unh/news/why-up-down/why-unitedhealth-unh-stock-is-down-today,"Shares of health insurance company UnitedHealth (NYSE:UNH)
 fell 16% in the afternoon session after the company announced the unexpected departure of its CEO, Andrew Witty, for personal reasons, leading to uncertainty in leadership as former CEO Stephen Hemsley returns. Also, it suspended its full-year 2025 financial outlook, citing a continued acceleration in care activity and higher-than-anticipated medical costs, particularly within its Medicare Advantage plans. ",stockstory.org,"['msft', 'unh']","['Healthcare', 'Stock', 'Stockstory', 'Technology', 'Tiingo Top', 'Why-It-Moves-Single']",2025-05-13 17:35:48+00:00,unitedhealth unh stock today shares health insurance company unitedhealth nyseunh fell 16 afternoon session company announced unexpected departure ceo andrew witty personal reasons leading uncertainty leadership former ceo stephen hemsley returns also suspended fullyear 2025 financial outlook citing continued acceleration care activity higherthananticipated medical costs particularly within medicare advantage plans
GameStop (GME) Rises As Market Takes a Dip: Key Facts,https://www.zacks.com/stock/news/2428651/gamestop-gme-rises-as-market-takes-a-dip-key-facts?cid=CS-ZC-FT-tale_of_the_tape%7Cyseop_template_6-2428651,"Pardon Our Interruption
As you were browsing something about your browser made us think you were a bot. There are a few reasons this might happen:
You've disabled JavaScript in your web browser.
You're a power user moving through this website with su",zacks.com,['gme'],"['Consumer Cyclical', 'Stock', 'Tale Of The Tape']",2025-03-11 21:45:15+00:00,gamestop gme rises market takes dip key facts pardon interruption browsing something browser made us think bot reasons might happen youve disabled javascript web browser youre power user moving website su
GameStop (GME) Exceeds Market Returns: Some Facts to Consider,https://www.zacks.com/stock/news/2457276/gamestop-gme-exceeds-market-returns-some-facts-to-consider?cid=CS-ZC-FT-tale_of_the_tape%7Cyseop_template_6-2457276,"Pardon Our Interruption
As you were browsing something about your browser made us think you were a bot. There are a few reasons this might happen:
You've disabled JavaScript in your web browser.
You're a power user moving through this website with su",zacks.com,['gme'],"['Consumer Cyclical', 'Stock', 'Tale Of The Tape']",2025-04-28 21:45:17+00:00,gamestop gme exceeds market returns facts consider pardon interruption browsing something browser made us think bot reasons might happen youve disabled javascript web browser youre power user moving website su
3 Reasons GME is Risky and 1 Stock to Buy Instead,https://stockstory.org/us/stocks/nyse/gme/news/buy-or-sell/3-reasons-gme-is-risky-and-1-stock-to-buy-instead,"GameStop has been treading water for the past six months, recording a small return of 2.2% while holding steady at $28.42. ",stockstory.org,['gme'],"['Consumer Cyclical', 'Stock', 'Stockstory', 'Three-Reasons', 'Tiingo Top']",2025-05-21 04:01:46+00:00,3 reasons gme risky 1 stock buy instead gamestop treading water past six months recording small return 22 holding steady 2842
Interpreting Nvidia (NVDA) International Revenue Trends,https://www.zacks.com/stock/news/2480132/interpreting-nvidia-nvda-international-revenue-trends?cid=CS-ZC-FT-fundamental_analysis%7Cnfm_international_revenues-2480132,"Pardon Our Interruption
As you were browsing something about your browser made us think you were a bot. There are a few reasons this might happen:
You've disabled JavaScript in your web browser.
You're a power user moving through this website with su",zacks.com,['nvda'],"['Fundamental Analysis', 'Stock', 'Technology']",2025-06-02 13:15:09+00:00,interpreting nvidia nvda international revenue trends pardon interruption browsing something browser made us think bot reasons might happen youve disabled javascript web browser youre power user moving website su
"Biggest stock movers Friday: GME, STLA, and more (NYSE:GME)",https://seekingalpha.com/news/4428690-biggest-stock-movers-friday-gme-stla-and-more,"Stock futures drop after Trump's tariff plan; GameStop gains on CEO's stock buy, while Stellantis & BP face losses on layoffs and leadership changes.",seekingalpha.com,['gme'],"['Consumer Cyclical', 'Stock']",2025-04-04 09:01:01+00:00,biggest stock movers friday gme stla nysegme stock futures drop trumps tariff plan gamestop gains ceos stock buy stellantis bp face losses layoffs leadership changes
GameStop (GME) Rises Higher Than Market: Key Facts,https://www.zacks.com/stock/news/2469614/gamestop-gme-rises-higher-than-market-key-facts?cid=CS-ZC-FT-tale_of_the_tape%7Cyseop_template_6-2469614,"Pardon Our Interruption
As you were browsing something about your browser made us think you were a bot. There are a few reasons this might happen:
You've disabled JavaScript in your web browser.
You're a power user moving through this website with su",zacks.com,['gme'],"['Consumer Cyclical', 'Stock', 'Tale Of The Tape']",2025-05-13 21:45:16+00:00,gamestop gme rises higher market key facts pardon interruption browsing something browser made us think bot reasons might happen youve disabled javascript web browser youre power user moving website su
Nvidia (NVDA) Q1 Earnings Miss Estimates,https://www.zacks.com/stock/news/2478549/nvidia-nvda-q1-earnings-miss-estimates?cid=CS-ZC-FT-tale_of_the_tape%7Cyseop_template_4-2478549,"Pardon Our Interruption
As you were browsing something about your browser made us think you were a bot. There are a few reasons this might happen:
You've disabled JavaScript in your web browser.
You're a power user moving through this website with su",zacks.com,"['nvda', 'zs']","['Stock', 'Tale Of The Tape', 'Technology']",2025-05-28 21:35:02+00:00,nvidia nvda q1 earnings miss estimates pardon interruption browsing something browser made us think bot reasons might happen youve disabled javascript web browser youre power user moving website su
"SA analyst upgrades: NVDA, MAIN, (NVDA:NASDAQ)",https://seekingalpha.com/news/4449714-sa-analyst-upgrades-nvda-main,"Seeking Alpha analysts have issued stock rating upgrades for Nvidia, Main Street Capital, Albemarle, AppLovin, Hims & Hers, Antero and Anavex Life Sciences. Read more here.",seekingalpha.com,"['avxl', 'nvda']","['Healthcare', 'Stock', 'Technology']",2025-05-16 18:40:04+00:00,sa analyst upgrades nvda main nvdanasdaq seeking alpha analysts issued stock rating upgrades nvidia main street capital albemarle applovin hims antero anavex life sciences read
Why Apple (AAPL) Shares Are Falling Today,https://stockstory.org/us/stocks/nasdaq/aapl/news/why-up-down/why-apple-aapl-shares-are-falling-today-2,Shares of iPhone and iPad maker Apple (NASDAQ:AAPL) fell 2.8% in the afternoon session after tariffs and trade tensions picked up after President Trump announced plans to impose up to 25% tariffs on iPhones sold in the US unless the company moved manufacturing back home. T. he proposed tariffs underscore a renewed focus on domestic manufacturing. ,stockstory.org,"['aapl', 'msft']","['Stock', 'Stockstory', 'Technology', 'Tiingo Top', 'Why-It-Moves-Single']",2025-05-23 16:48:18+00:00,apple aapl shares falling today shares iphone ipad maker apple nasdaqaapl fell 28 afternoon session tariffs trade tensions picked president trump announced plans impose 25 tariffs iphones sold us unless company moved manufacturing back home proposed tariffs underscore renewed focus domestic manufacturing
Why Apple (AAPL) Stock Is Up Today,https://stockstory.org/us/stocks/nasdaq/aapl/news/why-up-down/why-apple-aapl-stock-is-up-today,"Shares of iPhone and iPad maker Apple (NASDAQ:AAPL) jumped 2.8% in the afternoon session after the major indices rebounded (Nasdaq +2.0%, S&P 500 +2.0%) as President Trump postponed the planned 50% tariff on European Union imports, shifting the start date to July 9, 2025. ",stockstory.org,['aapl'],"['Stock', 'Stockstory', 'Technology', 'Tiingo Top', 'Why-It-Moves-Single']",2025-05-27 18:30:36+00:00,apple aapl stock today shares iphone ipad maker apple nasdaqaapl jumped 28 afternoon session major indices rebounded nasdaq 20 sp 500 20 president trump postponed planned 50 tariff european union imports shifting start date july 9 2025
Why Apple (AAPL) Stock Is Falling Today,https://stockstory.org/us/stocks/nasdaq/aapl/news/why-up-down/why-apple-aapl-stock-is-falling-today,"Shares of iPhone and iPad maker Apple (NASDAQ:AAPL) fell 4.1% in the morning session after the company reported mixed first-quarter 2025 (fiscal Q2) results, which narrowly topped analysts' revenue expectations, amid tariff concerns. CEO Tim Cook stated during the earnings call that anticipated tariffs could cost the company around $900 million in the current quarter (about 1% of total revenue). Also, sales in China saw a decline of 2%. This is a crucial market for Apple, and any signs of weakness there are usually viewed negatively. Overall, this print was decent, but the areas below expectations seem to be driving the move. ",stockstory.org,['aapl'],"['China', 'Stock', 'Stockstory', 'Technology', 'Tiingo Top', 'Why-It-Moves-Single']",2025-05-02 19:29:20+00:00,apple aapl stock falling today shares iphone ipad maker apple nasdaqaapl fell 41 morning session company reported mixed firstquarter 2025 fiscal q2 results narrowly topped analysts revenue expectations amid tariff concerns ceo tim cook stated earnings call anticipated tariffs could cost company around 900 million current quarter 1 total revenue also sales china saw decline 2 crucial market apple signs weakness usually viewed negatively overall print decent areas expectations seem driving move
Apple (AAPL) Q1 Earnings: What To Expect,https://stockstory.org/us/stocks/nasdaq/aapl/news/earnings/apple-aapl-q1-earnings-what-to-expect,iPhone and iPad maker Apple (NASDAQ:AAPL) will be reporting earnings tomorrow after market hours. Here’s what to look for. ,stockstory.org,"['aapl', 'msft']","['Pre-Earnings', 'Stock', 'Stockstory', 'Technology', 'Tiingo Top']",2025-04-30 07:04:40+00:00,apple aapl q1 earnings expect iphone ipad maker apple nasdaqaapl reporting earnings tomorrow market hours heres look
Interpreting Meta Platforms (META) International Revenue Trends,https://www.zacks.com/stock/news/2468085/interpreting-meta-platforms-meta-international-revenue-trends?cid=CS-ZC-FT-fundamental_analysis%7Cnfm_international_revenues-2468085,"Pardon Our Interruption
As you were browsing something about your browser made us think you were a bot. There are a few reasons this might happen:
You've disabled JavaScript in your web browser.
You're a power user moving through this website with su",zacks.com,"['meta', 'meta', 'metv']","['ETF', 'Fundamental Analysis', 'Stock', 'Technology']",2025-05-13 13:16:06+00:00,interpreting meta platforms meta international revenue trends pardon interruption browsing something browser made us think bot reasons might happen youve disabled javascript web browser youre power user moving website su
AMC Entertainment (AMC) Stock Sinks As Market Gains: Here's Why,https://www.zacks.com/stock/news/2439351/amc-entertainment-amc-stock-sinks-as-market-gains-here-s-why?cid=CS-ZC-FT-tale_of_the_tape%7Cyseop_template_6-2439351,"Pardon Our Interruption
As you were browsing something about your browser made us think you were a bot. There are a few reasons this might happen:
You've disabled JavaScript in your web browser.
You're a power user moving through this website with su",zacks.com,['amc'],"['Consumer Cyclical', 'Stock', 'Tale Of The Tape']",2025-04-02 21:45:16+00:00,amc entertainment amc stock sinks market gains heres pardon interruption browsing something browser made us think bot reasons might happen youve disabled javascript web browser youre power user moving website su
"AMC Entertainment (AMC) Reports Q1 Loss, Tops Revenue Estimates",https://www.zacks.com/stock/news/2464730/amc-entertainment-amc-reports-q1-loss-tops-revenue-estimates?cid=CS-ZC-FT-tale_of_the_tape%7Cyseop_template_4-2464730,"Pardon Our Interruption
As you were browsing something about your browser made us think you were a bot. There are a few reasons this might happen:
You've disabled JavaScript in your web browser.
You're a power user moving through this website with su",zacks.com,"['amc', 'plnt']","['Consumer Cyclical', 'Stock', 'Tale Of The Tape']",2025-05-07 23:30:03+00:00,amc entertainment amc reports q1 loss tops revenue estimates pardon interruption browsing something browser made us think bot reasons might happen youve disabled javascript web browser youre power user moving website su
AMC Entertainment (AMC) Q1 Earnings Report Preview: What To Look For,https://stockstory.org/us/stocks/nyse/amc/news/earnings/amc-entertainment-amc-q1-earnings-report-preview-what-to-look-for,Theater company AMC Entertainment (NYSE:AMC) will be reporting earnings tomorrow after market hours. Here’s what you need to know. ,stockstory.org,"['amc', 'has']","['Consumer Cyclical', 'Pre-Earnings', 'Stock', 'Stockstory', 'Tiingo Top']",2025-05-06 07:04:25+00:00,amc entertainment amc q1 earnings report preview look theater company amc entertainment nyseamc reporting earnings tomorrow market hours heres need know
Why Is Meta (META) Stock Rocketing Higher Today,https://stockstory.org/us/stocks/nasdaq/meta/news/why-up-down/why-is-meta-meta-stock-rocketing-higher-today,"Shares of social network operator Meta Platforms (NASDAQ:META)
 jumped 7.2% in the pre-market session after the company reported strong first quarter 2025 results which exceeded analysts' expectations across revenue, EPS, and EBITDA. Revenue grew 16% year over year, driven by a 10% rise in average ad prices and a 5% increase in impressions across Meta's Family of Apps. ",stockstory.org,"['aapl', 'meta', 'msft']","['Stock', 'Stockstory', 'Technology', 'Tiingo Top', 'Why-It-Moves-Single']",2025-05-01 18:55:15+00:00,meta meta stock rocketing higher today shares social network operator meta platforms nasdaqmeta jumped 72 premarket session company reported strong first quarter 2025 results exceeded analysts expectations across revenue eps ebitda revenue grew 16 year year driven 10 rise average ad prices 5 increase impressions across metas family apps
Why Is Apple (AAPL) Stock Soaring Today,https://stockstory.org/us/stocks/nasdaq/aapl/news/why-up-down/why-is-apple-aapl-stock-soaring-today,"Shares of iPhone and iPad maker Apple (NASDAQ:AAPL) jumped 5.1% in the afternoon session after the major indices popped (Nasdaq +3.4%, S&P 500 +2.5%) in response to the positive outcome of U.S.-China trade negotiations, as both sides agreed to pause some tariffs for 90 days, signaling a potential turning point in ongoing tensions. This rollback cuts U.S. tariffs on Chinese goods to 30% and Chinese tariffs on U.S. imports to 10%, giving companies breathing room to reset inventories and supply chains. ",stockstory.org,"['aapl', 'msft']","['China', 'Stock', 'Stockstory', 'Technology', 'Tiingo Top', 'Why-It-Moves-Single']",2025-05-12 17:11:55+00:00,apple aapl stock soaring today shares iphone ipad maker apple nasdaqaapl jumped 51 afternoon session major indices popped nasdaq 34 sp 500 25 response positive outcome uschina trade negotiations sides agreed pause tariffs 90 days signaling potential turning point ongoing tensions rollback cuts us tariffs chinese goods 30 chinese tariffs us imports 10 giving companies breathing room reset inventories supply chains
"Meta (META) Stock Trades Up, Here Is Why",https://stockstory.org/us/stocks/nasdaq/meta/news/why-up-down/meta-meta-stock-trades-up-here-is-why-2,"Shares of social network operator Meta Platforms (NASDAQ:META)
 jumped 6.6% in the afternoon session after the major indices popped (Nasdaq +3.4%, S&P 500 +2.5%) in response to the positive outcome of U.S.-China trade negotiations, as both sides agreed to pause some tariffs for 90 days, signaling a potential turning point in ongoing tensions. This rollback cuts U.S. tariffs on Chinese goods to 30% and Chinese tariffs on U.S. imports to 10%, giving companies breathing room to reset inventories and supply chains. ",stockstory.org,"['meta', 'nvda']","['China', 'Stock', 'Stockstory', 'Technology', 'Tiingo Top', 'Why-It-Moves-Single']",2025-05-12 17:11:46+00:00,meta meta stock trades shares social network operator meta platforms nasdaqmeta jumped 66 afternoon session major indices popped nasdaq 34 sp 500 25 response positive outcome uschina trade negotiations sides agreed pause tariffs 90 days signaling potential turning point ongoing tensions rollback cuts us tariffs chinese goods 30 chinese tariffs us imports 10 giving companies breathing room reset inventories supply chains
Why Microsoft (MSFT) is a Top Stock for the Long-Term,https://www.zacks.com/stock/news/2472917/why-microsoft-msft-is-a-top-stock-for-the-long-term?cid=CS-ZC-FT-tale_of_the_tape%7Czacks_education_focus_list-2472917,"Pardon Our Interruption
As you were browsing something about your browser made us think you were a bot. There are a few reasons this might happen:
You've disabled JavaScript in your web browser.
You're a power user moving through this website with su",zacks.com,['msft'],"['Stock', 'Tale Of The Tape', 'Technology']",2025-05-16 13:30:05+00:00,microsoft msft top stock longterm pardon interruption browsing something browser made us think bot reasons might happen youve disabled javascript web browser youre power user moving website su
Interpreting Tesla (TSLA) International Revenue Trends,https://www.zacks.com/stock/news/2468049/interpreting-tesla-tsla-international-revenue-trends?cid=CS-ZC-FT-fundamental_analysis%7Cnfm_international_revenues-2468049,"Pardon Our Interruption
As you were browsing something about your browser made us think you were a bot. There are a few reasons this might happen:
You've disabled JavaScript in your web browser.
You're a power user moving through this website with su",zacks.com,['tsla'],"['Consumer Cyclical', 'Fundamental Analysis', 'Stock']",2025-05-13 13:16:15+00:00,interpreting tesla tsla international revenue trends pardon interruption browsing something browser made us think bot reasons might happen youve disabled javascript web browser youre power user moving website su
Why Tesla (TSLA) Stock Is Up Today,https://stockstory.org/us/stocks/nasdaq/tsla/news/why-up-down/why-tesla-tsla-stock-is-up-today,"Shares of electric vehicle pioneer Tesla (NASDAQ:TSLA) jumped 3% in the afternoon session after CEO Elon Musk said he's sticking with the company for the next five years, which should reassure investors about leadership stability. Musk also highlighted his desire to keep control over the company while spending less time on political campaigns, signaling a renewed focus on the company's operations and long-term growth priorities. ",stockstory.org,['tsla'],"['Consumer Cyclical', 'Stock', 'Stockstory', 'Tiingo Top', 'Why-It-Moves-Single']",2025-05-20 17:54:29+00:00,tesla tsla stock today shares electric vehicle pioneer tesla nasdaqtsla jumped 3 afternoon session ceo elon musk said hes sticking company next five years reassure investors leadership stability musk also highlighted desire keep control company spending less time political campaigns signaling renewed focus companys operations longterm growth priorities
How Will MSFT Stock React To Its Upcoming Earnings?,https://www.forbes.com/sites/greatspeculations/2025/04/28/how-will-msft-stock-react-to-its-upcoming-earnings/,"In anticipation of this announcement, an examination of the company’s historical post-earnings stock performance over the last five years indicates that MSFT recorded ...",forbes.com,"['aaic', 'ai', 'msft']","['Ai', 'Cloud', 'Financial Services', 'Microsoft', 'Microsoft Stock', 'Msft', 'Msft Earnings', 'Msft Q3', 'Msft Revenue', 'Stock', 'Technology', 'Unknown Sector']",2025-04-28 14:45:38+00:00,msft stock react upcoming earnings anticipation announcement examination companys historical postearnings stock performance last five years indicates msft recorded
Microsoft (MSFT) Is Considered a Good Investment by Brokers: Is That True?,https://www.zacks.com/stock/news/2465158/microsoft-msft-is-considered-a-good-investment-by-brokers-is-that-true?cid=CS-ZC-FT-fundamental_analysis%7Caverage_broker_rating-2465158,"Pardon Our Interruption
As you were browsing something about your browser made us think you were a bot. There are a few reasons this might happen:
You've disabled JavaScript in your web browser.
You're a power user moving through this website with su",zacks.com,"['msft', 'sar']","['Financial Services', 'Fundamental Analysis', 'Stock', 'Technology']",2025-05-08 13:30:11+00:00,microsoft msft considered good investment brokers true pardon interruption browsing something browser made us think bot reasons might happen youve disabled javascript web browser youre power user moving website su
Will Deepened Collaboration With MSFT Drive ITRI's Share Performance?,https://www.zacks.com/stock/news/2434894/will-deepened-collaboration-with-msft-drive-itri-s-share-performance?cid=CS-ZC-FT-analyst_blog%7Ccompany_news_tech_sector-2434894,"Pardon Our Interruption
As you were browsing something about your browser made us think you were a bot. There are a few reasons this might happen:
You've disabled JavaScript in your web browser.
You're a power user moving through this website with su",zacks.com,"['anet', 'idcc', 'itri', 'msft']","['Analyst Blog', 'Communication Services', 'Stock', 'Technology']",2025-03-25 13:45:00+00:00,deepened collaboration msft drive itris share performance pardon interruption browsing something browser made us think bot reasons might happen youve disabled javascript web browser youre power user moving website su
Should You Buy AMZN Stock At $205?,https://www.forbes.com/sites/greatspeculations/2025/03/04/should-you-buy-amazon-stock-despite-its-high-valuation/,"We believe there is minimal cause for concern with AMZN stock, which makes it attractive but highly sensitive to adverse events as its current valuation is very high...",forbes.com,[],"['Amazon', 'Amazon Revenue', 'Amazon Stock', 'Amzn Revenue', 'Amzn Valuation']",2025-03-04 09:00:00+00:00,buy amzn stock 205 believe minimal cause concern amzn stock makes attractive highly sensitive adverse events current valuation high
"Earnings week ahead: LULU, CHWY, DLTR, GME, CSIQ, and more",https://seekingalpha.com/news/4423378-earnings-week-ahead-lulu-chwy-dltr-gme-csiq-and-more,"As the first quarter wraps up, the upcoming earnings week will highlight a diverse mix of industries. Retail and consumer-focused companies like Lululemon Athle",seekingalpha.com,['lulu'],"['Consumer Cyclical', 'Stock']",2025-03-23 12:01:26+00:00,earnings week ahead lulu chwy dltr gme csiq first quarter wraps upcoming earnings week highlight diverse mix industries retail consumerfocused companies like lululemon athle
Why Microsoft (MSFT) is a Top Stock for the Long-Term,https://www.zacks.com/stock/news/2430734/why-microsoft-msft-is-a-top-stock-for-the-long-term?cid=CS-ZC-FT-tale_of_the_tape%7Czacks_education_focus_list-2430734,"Pardon Our Interruption
As you were browsing something about your browser made us think you were a bot. There are a few reasons this might happen:
You've disabled JavaScript in your web browser.
You're a power user moving through this website with su",zacks.com,['msft'],"['Stock', 'Tale Of The Tape', 'Technology']",2025-03-17 13:30:02+00:00,microsoft msft top stock longterm pardon interruption browsing something browser made us think bot reasons might happen youve disabled javascript web browser youre power user moving website su
Microsoft (MSFT) Q3 Earnings and Revenues Beat Estimates,https://www.zacks.com/stock/news/2459421/microsoft-msft-q3-earnings-and-revenues-beat-estimates?cid=CS-ZC-FT-tale_of_the_tape%7Cyseop_template_4-2459421,"Pardon Our Interruption
As you were browsing something about your browser made us think you were a bot. There are a few reasons this might happen:
You've disabled JavaScript in your web browser.
You're a power user moving through this website with su",zacks.com,"['msft', 'oprx']","['Stock', 'Tale Of The Tape', 'Technology']",2025-04-30 21:15:08+00:00,microsoft msft q3 earnings revenues beat estimates pardon interruption browsing something browser made us think bot reasons might happen youve disabled javascript web browser youre power user moving website su
More Upside For MSFT Stock After An Impressive Q3?,https://www.forbes.com/sites/greatspeculations/2025/05/01/more-upside-for-msft-stock-after-a-solid-q3/,"The company reported $70.1 billion in revenue and earnings of $3.46 per share, compared to the consensus estimates of $68.4 billion and $3.22, respectively.",forbes.com,"['aaic', 'ai', 'msft']","['Ai', 'Cloud', 'Financial Services', 'Microsoft', 'Msft', 'Msft Revenue', 'Msft Valuation', 'Stock', 'Technology', 'Unknown Sector']",2025-05-01 10:00:24+00:00,upside msft stock impressive q3 company reported 701 billion revenue earnings 346 per share compared consensus estimates 684 billion 322 respectively
Russian Spy Ring Run by Ex-Wirecard COO Convicted of Spying,https://www.bloomberg.com/news/articles/2025-03-07/russian-spy-ring-run-by-ex-wirecard-coo-convicted-of-spying,Russian Spy Ring Run by Ex-Wirecard COO Convicted of Spying,bloomberg.com,[],"['Russian Federation', 'Tiingo Top']",2025-03-07 15:57:22+00:00,russian spy ring run exwirecard coo convicted spying russian spy ring run exwirecard coo convicted spying
Is Trending Stock Microsoft Corporation (MSFT) a Buy Now?,https://www.zacks.com/stock/news/2448280/is-trending-stock-microsoft-corporation-msft-a-buy-now?cid=CS-ZC-FT-tale_of_the_tape%7Cmost_searched_stocks-2448280,"Pardon Our Interruption
As you were browsing something about your browser made us think you were a bot. There are a few reasons this might happen:
You've disabled JavaScript in your web browser.
You're a power user moving through this website with su",zacks.com,['msft'],"['Stock', 'Tale Of The Tape', 'Technology']",2025-04-14 13:00:14+00:00,trending stock microsoft corporation msft buy pardon interruption browsing something browser made us think bot reasons might happen youve disabled javascript web browser youre power user moving website su
GameStop Trading at a Premium: Should You Restrain Buying GME Stock?,https://www.zacks.com/stock/news/2466673/gamestop-trading-at-a-premium-should-you-restrain-buying-gme-stock?cid=CS-ZC-FT-analyst_blog%7Cmost_popular_stocks-2466673,"Pardon Our Interruption
As you were browsing something about your browser made us think you were a bot. There are a few reasons this might happen:
You've disabled JavaScript in your web browser.
You're a power user moving through this website with su",zacks.com,"['bby', 'gme', 'msft', 'sony']","['Analyst Blog', 'Consumer Cyclical', 'Stock', 'Technology']",2025-05-12 13:15:00+00:00,gamestop trading premium restrain buying gme stock pardon interruption browsing something browser made us think bot reasons might happen youve disabled javascript web browser youre power user moving website su
"Biggest stock movers Thursday: U.S. automakers, GME and more (NYSE:GM)",https://seekingalpha.com/news/4425551-biggest-stock-movers-thursday-us-automakers-gme-and-more,"Biggest stock movers Thursday: U.S. automakers, GME and more (NYSE:GM)",seekingalpha.com,['gm'],"['Consumer Cyclical', 'Stock']",2025-03-27 09:00:14+00:00,biggest stock movers thursday us automakers gme nysegm biggest stock movers thursday us automakers gme nysegm
Is Most-Watched Stock GameStop Corp. (GME) Worth Betting on Now?,https://www.zacks.com/stock/news/2447266/is-most-watched-stock-gamestop-corp-gme-worth-betting-on-now?cid=CS-ZC-FT-tale_of_the_tape%7Cmost_searched_stocks-2447266,"Pardon Our Interruption
As you were browsing something about your browser made us think you were a bot. There are a few reasons this might happen:
You've disabled JavaScript in your web browser.
You're a power user moving through this website with su",zacks.com,['gme'],"['Consumer Cyclical', 'Stock', 'Tale Of The Tape']",2025-04-11 13:00:12+00:00,mostwatched stock gamestop corp gme worth betting pardon interruption browsing something browser made us think bot reasons might happen youve disabled javascript web browser youre power user moving website su
Why GameStop (GME) Dipped More Than Broader Market Today,https://www.zacks.com/stock/news/2449433/why-gamestop-gme-dipped-more-than-broader-market-today?cid=CS-ZC-FT-tale_of_the_tape%7Cyseop_template_6-2449433,"Pardon Our Interruption
As you were browsing something about your browser made us think you were a bot. There are a few reasons this might happen:
You've disabled JavaScript in your web browser.
You're a power user moving through this website with su",zacks.com,['gme'],"['Consumer Cyclical', 'Stock', 'Tale Of The Tape']",2025-04-15 21:45:16+00:00,gamestop gme dipped broader market today pardon interruption browsing something browser made us think bot reasons might happen youve disabled javascript web browser youre power user moving website su
GameStop Corp. (GME) Is a Trending Stock: Facts to Know Before Betting on It,https://www.zacks.com/stock/news/2477571/gamestop-corp-gme-is-a-trending-stock-facts-to-know-before-betting-on-it?cid=CS-ZC-FT-tale_of_the_tape%7Cmost_searched_stocks-2477571,"Pardon Our Interruption
As you were browsing something about your browser made us think you were a bot. There are a few reasons this might happen:
You've disabled JavaScript in your web browser.
You're a power user moving through this website with su",zacks.com,['gme'],"['Consumer Cyclical', 'Stock', 'Tale Of The Tape']",2025-05-27 13:00:12+00:00,gamestop corp gme trending stock facts know betting pardon interruption browsing something browser made us think bot reasons might happen youve disabled javascript web browser youre power user moving website su
GameStop (GME) Advances While Market Declines: Some Information for Investors,https://www.zacks.com/stock/news/2479909/gamestop-gme-advances-while-market-declines-some-information-for-investors?cid=CS-ZC-FT-tale_of_the_tape%7Cyseop_template_6-2479909,"Pardon Our Interruption
As you were browsing something about your browser made us think you were a bot. There are a few reasons this might happen:
You've disabled JavaScript in your web browser.
You're a power user moving through this website with su",zacks.com,['gme'],"['Consumer Cyclical', 'Stock', 'Tale Of The Tape']",2025-05-30 21:45:04+00:00,gamestop gme advances market declines information investors pardon interruption browsing something browser made us think bot reasons might happen youve disabled javascript web browser youre power user moving website su
Nvidia (NVDA) Moves 18.7% Higher: Will This Strength Last?,https://www.zacks.com/stock/news/2443106/nvidia-nvda-moves-18-7-higher-will-this-strength-last?cid=CS-ZC-FT-tale_of_the_tape%7Cdaily_price_change_3%25-2443106,"Pardon Our Interruption
As you were browsing something about your browser made us think you were a bot. There are a few reasons this might happen:
You've disabled JavaScript in your web browser.
You're a power user moving through this website with su",zacks.com,"['intc', 'nvda']","['Stock', 'Tale Of The Tape', 'Technology']",2025-04-10 12:30:00+00:00,nvidia nvda moves 187 higher strength last pardon interruption browsing something browser made us think bot reasons might happen youve disabled javascript web browser youre power user moving website su
