id,created_utc,title,selftext,score,upvote_ratio,num_comments,total_awards_received,author,url,subreddit,is_stickied,over_18
1kuezf0,2025-05-24 16:00:36+00:00,"r/Stocks Weekly Thread on Meme Stocks Saturday - May 24, 2025","The meme stock scheduled posts will now run weekly and post Saturday afternoon and won't be a sticky; you're probably seeing this because automod sent you here!

[Full list of meme stocks here.](https://www.reddit.com/r/stocks/wiki/meme-stocks)  This will be updated every once in a while.

------

Welcome traders who just can't help them selves discuss the same exact stock that's been discussed 100s of times a day.  I get it, you want to talk about what's popular, what's hot, and that 1.. single.. stock you like.. well here you go!  Some helpful links just for you:

* [Previous meme stock threads](https://www.reddit.com/r/stocks/search?q=author%3Aautomoderator+title%3A%28common+OR+meme%29&restrict_sr=on&include_over_18=on&sort=new&t=all)
* [General discussions](https://www.reddit.com/r/stocks/search?q=author%3Aautomoderator+title%3Adiscussion&restrict_sr=on&include_over_18=on&sort=new&t=all)
* [The **original GME megathread**](https://www.reddit.com/r/stocks/comments/layb68/rstocks_gme_megathread/) with a ton of useful information
* [Use Finviz for aggregated news on your favorite stock](https://finviz.com/quote.ashx?t=gme)

An important message from the mod team [regarding meme stocks.](https://www.reddit.com/r/stocks/wiki/meme-stocks-warning)

Lastly if you need professional help:

* Problem Gambling:  Call/Text: 1-800-522-4700 or [chat online now.](https://WWW.NCPGAMBLING.ORG/CHAT)
* Crisis Hotline (24/7): 1-800-273-TALK (8255) (Veterans, press 1) or Text ‚ÄúHOME‚Äù to 741-741",1,1.0,0,0,AutoModerator,https://www.reddit.com/r/stocks/comments/1kuezf0/rstocks_weekly_thread_on_meme_stocks_saturday_may/,stocks,False,False
1ku9m7c,2025-05-24 11:40:48+00:00,Invest in Cults Theory,"I've been reading a book about cult followings, and my interest in stocks had me thinking: what would happen if you focused on investing in Cults? What I mean by this, is buying companies with a strong herd of followers that love the company no matter what regardless of the fundamentals. 

Some of the companies could be fundamentally sound, but some may not be. For example, Berkshire Hathaway has great fundamentals, and a cult like following. Another example, GME, terrible fundamentals, but stock continues to do great because of the followers. 

You could almost say the SP500 is a cult the way everyone blindly throws money into it. 

The objective of the idea is to identify a stock with cult like followers, and invest in it regardless of the fundamentals. What are your thoughts on this?",26,0.72,76,0,DualShockArtist,https://www.reddit.com/r/stocks/comments/1ku9m7c/invest_in_cults_theory/,stocks,False,False
1ku94ha,2025-05-24 11:10:21+00:00,Trying to Learn ‚Äì How Do You Short Tesla Smarter?,"Hey everyone,

I‚Äôve taken a few shots at shorting TSLA recently‚Äîsome decent reads, but I keep getting caught by timing issues or stop-losses. One example: a few days ago I set my sell order at $355, but the stock topped out at $354.99 and never triggered. Then it dropped hard, and I missed the trade completely.

I currently hold small positions in Alphabet-C, Apple, Nvidia, gold, and REITs‚Äîso I‚Äôm mostly flat now and just watching the market.

Looking to learn and improve.

1. What strategies or indicators do you use when shorting Tesla?

2. How do you avoid getting stop-hunted or missing entries by a few cents?

3. Any good risk-management habits I should adopt?

Appreciate any advice. Trying to trade smarter, not just chase price.",0,0.42,58,0,Hmmm_nicebike659,https://www.reddit.com/r/stocks/comments/1ku94ha/trying_to_learn_how_do_you_short_tesla_smarter/,stocks,False,False
1ku7n60,2025-05-24 09:30:33+00:00,"/r/Stocks Weekend Discussion Saturday - May 24, 2025","This is the weekend edition of our stickied discussion thread.  Discuss your trades / moves from last week and what you're planning on doing for the week ahead.

Some helpful links:

* [Finviz](https://finviz.com/quote.ashx?t=spy) for charts, fundamentals, and aggregated news on individual stocks
* [Bloomberg market news](https://www.bloomberg.com/markets)
* StreetInsider news:
  * [Market Check](https://www.streetinsider.com/Market+Check) - Possibly why the market is doing what it's doing including sudden spikes/dips
  * [Reuters aggregated](https://www.streetinsider.com/Reuters) - Global news

If you have a basic question, for example ""what is EPS,"" then google ""investopedia EPS"" and click the investopedia article on it; do this for everything until you have a more in depth question or just want to share what you learned.

Please discuss your portfolios in the [Rate My Portfolio sticky.](https://www.reddit.com/r/stocks/search?q=author%3Aautomoderator+title%3A%22Rate+My+Portfolio%22&restrict_sr=on&sort=new&t=all).

See our past [daily discussions here.](https://www.reddit.com/r/stocks/search?q=author%3Aautomoderator+%22r%2Fstocks+daily+discussion%22&restrict_sr=on&sort=new&t=all)  Also links for:  [Technicals](https://www.reddit.com/r/stocks/search?q=author%3Aautomoderator+title%3Atechnicals&restrict_sr=on&include_over_18=on&sort=new&t=all) Tuesday, [Options Trading](https://www.reddit.com/r/stocks/search?q=author%3Aautomoderator+title%3Aoptions&restrict_sr=on&include_over_18=on&sort=new&t=all) Thursday, and [Fundamentals](https://www.reddit.com/r/stocks/search?q=author%3Aautomoderator+title%3Afundamentals&restrict_sr=on&include_over_18=on&sort=new&t=all) Friday.",6,0.88,8,0,AutoModerator,https://www.reddit.com/r/stocks/comments/1ku7n60/rstocks_weekend_discussion_saturday_may_24_2025/,stocks,True,False
1ktsorm,2025-05-23 19:44:52+00:00,"Dow Jones, S&P 500 and Nasdaq trim losses as Trump threatens new tariffs on Apple and EU","U.S. stocks fell Friday and were on track to record a weekly loss as investors assessed the potential impact of President Trump's latest tariff threats and his massive tax bill on the deficit and economy.

The Dow Jones Industrial Average ( \^DJI ) fell 0.3 percent. The Standard & Poor's 500 ( \^GSPC ) also fell about 0.3 percent. The tech-heavy Nasdaq Composite ( \^IXIC ) was down about 0.6 percent.

Apple Inc (AAPL) must pay a 25 percent tariff on iPhones sold in the U.S. but not made in the U.S., Trump said on Friday, and all three major stock indexes trimmed their losses sharply. The tech giant has begun shifting some of its manufacturing operations to India, while China, home to its main suppliers, is mired in a trade war with the United States. Apple shares fell 3 percent after Trump's tweet on Truth Social.

On Friday afternoon, Trump hinted that the tariffs would apply to other cellphone makers.

Trump told reporters Friday afternoon: ""The tariffs are going to be higher, and Samsung and any company that makes that product is going to be affected, or it's not fair. Again, they don't have tariffs on building factories here. That's why they'll build a factory here.""

Meanwhile, Trump has threatened to raise tariffs on EU imports ‚Äúright up to 50 percent‚Äù as of June 1, as trade talks between China and Europe have stalled.",100,0.96,32,0,Aluseda,https://www.reddit.com/r/stocks/comments/1ktsorm/dow_jones_sp_500_and_nasdaq_trim_losses_as_trump/,stocks,False,False
1ktqju3,2025-05-23 18:15:46+00:00,Oracle to buy $40bn of Nvidia chips for OpenAI‚Äôs new US data centre,"No paywall: [https://finance.yahoo.com/news/oracle-buy-40-billion-nvidia-181443286.html](https://finance.yahoo.com/news/oracle-buy-40-billion-nvidia-181443286.html)

Paywall: [https://www.ft.com/content/a9cd130f-f6bf-4750-98cc-19d87394e657](https://www.ft.com/content/a9cd130f-f6bf-4750-98cc-19d87394e657)

Oracle will spend around $40bn on Nvidia‚Äôs high-performance computer chips to power OpenAI‚Äôs new giant US data centre, as tech groups race to build the vast infrastructure needed to underpin artificial intelligence models.

The site in Abilene, Texas, has been billed as the first US Stargate project, the $500bn data centre scheme spearheaded by OpenAI and SoftBank, and will provide 1.2 gigawatts of power when it is completed next year, making it one of the largest in the world.

Oracle will purchase around 400,000 of Nvidia‚Äôs GB200 chips ‚Äî its latest ‚Äúsuperchip‚Äù for training and running AI systems ‚Äî and lease the computing power to OpenAI, according to several people familiar with the matter.

The site‚Äôs owners, Crusoe and US investment firm Blue Owl Capital, have raised $15bn in debt and equity to finance the Abilene project, which will encompass eight buildings and first broke ground in June last year.

The data centre is expected to be fully operational by mid-2026. Oracle has agreed to lease the site for 15 years. Stargate, which incorporated earlier this year, has not invested in the site.

JPMorgan has provided the bulk of the debt financing across two loans totalling $9.6bn, according to people close to the matter, including a $7.1bn loan announced this week. Crusoe and Blue Owl have separately invested around $5bn in cash.

Once completed, its scale will rival plans by Elon Musk to expand his ‚ÄúColossus‚Äù data centre in Memphis, Tennessee, to house around 1mn Nvidia chips. Much of the data centre has so far been built on Nvidia‚Äôs earlier H100 and H200 chips, which are less powerful. Musk said this week that the next phase of Colossus would be the ‚Äúfirst Gigawatt AI training supercluster‚Äù. Amazon is building a data centre in northern Virginia that will be larger than 1GW.

The Abilene data centre is a crucial step in OpenAI‚Äôs move to reduce its dependence on Microsoft. Previously, the $300bn-start up has exclusively relied on the US software giant for its computing power, and a large chunk of Microsoft‚Äôs near-$14bn investment in OpenAI has come in the form of cloud computing credits.

OpenAI and Microsoft agreed to terminate their exclusivity agreement earlier this year after the start-up became frustrated that its demand for power far exceeded the US tech giant‚Äôs supply. The two groups are negotiating to determine how long Microsoft will retain licensing rights to OpenAI‚Äôs models.

Stargate will play a key role in providing OpenAI‚Äôs future computing power. The high-profile venture, billed as a huge infrastructure project to boost the US AI industry, is raising $100bn to spend on data centre projects, with the figure rising to as much as $500bn over the next four years.

OpenAI and SoftBank have each committed $18bn to Stargate, which was unveiled in January by US President Donald Trump. Oracle and MGX, an Abu Dhabi sovereign wealth fund, committed a further $7bn each, according to a person familiar with the matter.

The four groups will hold equity stakes in the project, with SoftBank and OpenAI the majority owners, according to a second person with knowledge of the matter. Stargate has not committed capital to any data centre project so far.

OpenAI has also expanded its Stargate project overseas, with plans to build a massive data centre in the UAE that was announced as part of Trump‚Äôs Gulf tour last week. The 10 sq mile UAE-US AI campus, located in Abu Dhabi and built by Emirati AI company G42, is planned to have 5GW of data centre power ‚Äî equivalent to more than 2mn of AI chipmaker Nvidia‚Äôs latest generation of GB200 chips.

Oracle did not immediately respond to a request for comment. JPMorgan and OpenAI declined to comment.",271,0.96,32,0,callsonreddit,https://www.reddit.com/r/stocks/comments/1ktqju3/oracle_to_buy_40bn_of_nvidia_chips_for_openais/,stocks,False,False
1kto5jp,2025-05-23 16:39:17+00:00,"What ""edge"" do you think you have as a trader?","Just as the question asks, what edge do you think you've got in trading? Do you study complex charts or focus on market trends? Or you jump on momentum stocks, regardless of fundamentals.   
Do you have a deep understanding of a particular market segment? And how has that helped in the long run. Or do you simply try to guess the way the market is moving and scalp money here and there.  
Also, what are the typical tickers you like to trade, and why?",0,0.49,108,0,HeatWaveToTheCrowd,https://www.reddit.com/r/stocks/comments/1kto5jp/what_edge_do_you_think_you_have_as_a_trader/,stocks,False,False
1kue7b7,2025-05-24 15:26:17+00:00,I recently discovered NVDA options are a hell of a Drug,"https://preview.redd.it/lfwajuqqzq2f1.png?width=2017&format=png&auto=webp&s=c68378c8b0d2f700f003c37dfafa362ce607d2bd

I've been chunking money into the weeklies. It's been a crazy time in the casino! ",58,0.95,32,0,thelankyasian,https://www.reddit.com/r/wallstreetbets/comments/1kue7b7/i_recently_discovered_nvda_options_are_a_hell_of/,wallstreetbets,False,False
1kubxyz,2025-05-24 13:43:42+00:00,Nvidia to launch cheaper Blackwell AI chip for China after U.S. export curbs,NVDA CALLS ALL IN ,174,0.91,17,0,doctorqaz,https://www.cnbc.com/amp/2025/05/24/nvidia-to-launch-cheaper-blackwell-ai-chip-for-china-reuters-says.html,wallstreetbets,False,False
1ktwwab,2025-05-23 22:50:20+00:00,"NVDA & GOOG Puts Gains, Sold All Puts on Market Open",,33,0.84,10,0,FinalFerrex,https://i.redd.it/rabwm33v1m2f1.png,wallstreetbets,False,False
1ktwjtz,2025-05-23 22:33:42+00:00,"$3,625.88 profit so far for the month of May trading SPY. One week left to hit $10,000 target.",,95,0.86,35,0,tomis_24,https://i.redd.it/gtkk9ou0zl2f1.png,wallstreetbets,False,False
1ktui4f,2025-05-23 21:02:44+00:00,spy puts go in the money,"happy hunting, lads",20,0.83,8,0,Alarming_Ad_5946,https://i.redd.it/fn9jvgd1jl2f1.jpeg,wallstreetbets,False,False
1ktqgde,2025-05-23 18:11:52+00:00,Spy puts printed. I didn‚Äôt sell fast enough this morning‚Ä¶,Quite bad when you only get less than 5 minutes to decide if the dip is being bought up. ü§£,23,0.79,13,0,EdgeOverAverage,https://i.redd.it/gfb7yy0kok2f1.jpeg,wallstreetbets,False,False
1ktpvje,2025-05-23 17:48:19+00:00,Revenge traded my losses back from AAPL,,16,0.94,1,0,Jojn20,https://i.redd.it/7p01q6lckk2f1.jpeg,wallstreetbets,False,False
1ktpkb8,2025-05-23 17:35:29+00:00,Did any other bear make money?,thank you spy for this little profit i bought these contracts at 20 cents last night. any other bear make money this morning?,11,0.83,11,0,Material_Actuary_332,https://i.redd.it/6h2578quhk2f1.jpeg,wallstreetbets,False,False
1ktp2gr,2025-05-23 17:15:58+00:00,20k TSLA Put 6/27 $300p,20k on red sir!,66,0.9,55,0,chickentendiesammy,https://i.redd.it/zn42y1rkek2f1.jpeg,wallstreetbets,False,False
1ku63yr,2025-05-24 07:41:22+00:00,Lump sum or over time investments,"First time posting here. I‚Äôm 21 years old and have $15k in investing right now and just got my first 1k in growth. I‚Äôm in the military and getting about $20k from finishing school to go to the fleet.

I‚Äôm wondering if it would be better for me to put it all into investing before I go out to sea or to set it up to invest $1-3k every month. My logic is that I have the chance to buy more if the market goes down but also feeling either way is gonna be good and it‚Äôs not that deep. I‚Äôm mostly investing in s&p 500 and VTI right now, with shares in TSLA, AAPL, and some nuclear power stocks.",1,0.6,18,0,kodakazul,https://www.reddit.com/r/investing/comments/1ku63yr/lump_sum_or_over_time_investments/,investing,False,False
1ktucq7,2025-05-23 20:56:30+00:00,"Diversifying into Crypto Stocks, Your Picks?","I‚Äôve recently started diversifying into crypto-adjacent stocks to ride the broader wave without being 100% in tokens. I‚Äôve picked up COIN, Marathon Digital (MARA), and Nvidia (NVDA). Coinbase for obvious reasons, Marathon for the mining exposure, and Nvidia because those GPUs aren‚Äôt going anywhere. I‚Äôm curious, what crypto-related stocks are you buying or watching right now? ",0,0.28,8,0,BrenOnBlockchain,https://www.reddit.com/r/investing/comments/1ktucq7/diversifying_into_crypto_stocks_your_picks/,investing,False,False
1ktnx8m,2025-05-23 16:29:52+00:00,Doubling Down on Bonds After Bessent Talk,"Bessent's talk just now seemed somewhat positive in regards to his thoughts on the ongoing deficit issues.

Pros:

* Globally, yields across the board have been rising and this is confirmed, yields for US treasuries at historical highs. This has a good chance to bring demand back to US credit
* Bessent still has some cards he can play in regards to treasury purchases and rate cuts as long as the inflation numbers stay low

Cons:

* Inflation risks need to be monitored closely, seems Trump is in-tune to this and will back down Tariffs, Bessent also hinted at deals in the next couple weeks. But Trump being a wildcard makes this a risky play
* More credit downgrades

GLD is my hedge here",0,0.4,35,0,I_HopeThat_WasFart,https://www.reddit.com/r/investing/comments/1ktnx8m/doubling_down_on_bonds_after_bessent_talk/,investing,False,False
1kua0i2,2025-05-24 12:03:45+00:00,"Trump Risks US Consumer Discontent With His Tariffs, Poll Shows","Summary by Bloomberg AI
A majority of US adults (56%) believe their household finances would be better off if Trump's tariffs had not been implemented.

69% of respondents expect higher costs for everyday goods as a result of the tariffs, and 49% believe the tariffs will be bad for the economy.

Three in five respondents reported cutting back on spending due to concerns around a potential recession, with 16% saying they haven't yet but expect to soon.

By Claire Ballentine and Shawn Donnan
05/24/2025 14:00:18 [BN]
(Bloomberg) -- President Donald Trump is struggling to persuade US consumers of the merits of his trade war, a Harris Poll for Bloomberg News found.

A majority of US adults, 56%, said their household finances would be better off if Trump‚Äôs tariffs had not been implemented. Some 52% of respondents said the promised benefits of the levies would not be worth their economic cost.

That assessment comes after Trump‚Äôs ‚ÄúLiberation Day‚Äù slate of tariffs made for the biggest act of US protectionism since the 1930s, helping push US taxation on imports to its highest level in nearly a century. The rollout was greeted with turmoil in financial markets and new concerns over the possibility of the US slipping into a recession.

The poll has a margin of error of 2.5 percentage points and was conducted May 8-10 among about 2,100 US adults. That means it fell after Trump paused many of the tariffs he unveiled in early April, but before the US and China agreed to temporarily lower their duties on one another while they continue negotiations. Even after all the whiplash, businesses like Walmart Inc. say higher prices are coming and economists say the US is still likely to see a slowdown in growth.

Americans appear to have absorbed those price warnings, with 69% of respondents saying they expect higher costs for everyday goods as a result of the tariffs. Trump himself has conceded that possibility, such as when he suggested children might have ‚Äútwo dolls instead of 30,‚Äù and that ‚Äúmaybe the two dolls will cost a couple bucks more than they would normally.‚Äù

Still, the president continues to aggressively tout his trade agenda as a strategy for bringing manufacturing jobs back the US.

Some 49% of consumers said they expect the tariffs to be bad for the economy, a larger share than the 30% that said the levies will be an economic boon.

While inflation is far lower than its recent peak and advanced at a slower pace than expected in April, three in five poll respondents said the cost of everyday items has risen compared to last month. That suggests a widespread perception that price increases remain a frequent fact of life.

Photographer: Gabby Jones/Bloomberg
A customer at a Walmart store in Secaucus, New Jersey, in 2024.
Mackenzie Knight, a 35-year-old who works in human resources at a university in the Bay Area, is dreading how tariffs could further squeeze her budget. After a period of unemployment three years ago, she feels like she is just now on solid footing financially. It‚Äôs been difficult for her to build savings with rent prices so high in her area. 

‚ÄúI‚Äôm not completely against tariffs if it‚Äôs an economic requirement that benefits both parties,‚Äù she said. ‚ÄúI just don't see how the current tariffs are helping anyone. For a lot of Americans, it‚Äôs very frustrating.‚Äù

Knight is also worried about the potential for a recession or at least an economic slowdown, which could result in losing her job. Although the stock market has recovered from the initial tariff shock and job growth remains solid, consumer sentiment fell to near a record low in a May report and JPMorgan Chase & Co.‚Äôs Jamie Dimon recently warned against complacency in the face of economic risks.

According to the poll, half of Americans believe the economy has gotten weaker since 2024. Their appraisals appear heavily shaped by politics: Some 66% of Democrats say the economy has worsened from last year, when former President Joe Biden was still in office, compared to 25% of Republicans. More than half of independents said the economy had deteriorated.

Cutting Back 

As Trump‚Äôs tariff negotiations play out, some consumers are choosing to reduce their spending preemptively, girding for further price hikes that could hit their budgets. 

Major retailers have indicated they are, indeed, adapting their pricing. Walmart said this month that shoppers will start to see higher prices as it begins to pass on the costs of newer merchandise.

Price increases ‚Äúare happening right now, and they'll become more obvious,‚Äù Chief Financial Officer John David Rainey said in an interview with Bloomberg News on May 15.

Target Corp. also said it's adjusting prices in response to the volatile environment. The retailer, which is more reliant than Walmart on sales of discretionary products like apparel and home goods, cut its sales forecast this week after it saw a sharp pullback in consumer spending.

Three in five respondents reported cutting back due to concerns around a potential recession, with 16% saying they haven‚Äôt yet but expect to soon. Among those curtailing spending, more than 70% say they are eating out less and 57% report spending less on entertainment. 

And although about half of Americans say they have plans to travel this summer, a third of those people say they have fewer trips booked for this year compared to last summer. 

Photographer: David Paul Morris/Bloomberg
Travelers wait to go through security at an airport in San Francisco in 2024.
Brad Russell, a 40-year-old in Philadelphia, said that he and his family are choosing cheaper vacations this summer, since they expect tariffs to increase their household costs in the coming months. Their budget is already stretched because he and his wife have two young kids and have to pay daycare expenses for both of them. 

Instead of doing weeklong trips, or splurges like a vacation to Disney World, the family is opting for weekend excursions to places like Williamsburg, Virginia. Rather than shell out for four plane tickets, they‚Äôre going to drive. 

‚ÄúEven without the tariff madness, money is tight,‚Äù Russell said. ‚ÄúWe're trying to be good stewards of our money and hopefully keep our heads above water over the next four years.‚Äù",70,0.93,19,0,cxr_cxr2,https://www.reddit.com/r/StockMarket/comments/1kua0i2/trump_risks_us_consumer_discontent_with_his/,stockmarket,False,False
1ktqs2g,2025-05-23 18:25:02+00:00,"(TSLA) Honestly, how much money can it really make from autonomous driving to justify a $2 trillion valuation? In my opinion, very little.",,142,0.86,199,0,cxr_cxr2,https://i.redd.it/s99og7iwqk2f1.jpeg,stockmarket,False,False
